case,polygons,source,ours_seconds,ours_calls,ours_gap_closed,fekete_status,fekete_seconds,fekete_lb,fekete_ub,fekete_over_ours
1,48,tessellation,2.6635,12578,True,optimal,61.3583,19153.785923,19172.657006,23.036
2,5,OSM,0.0002,1,True,optimal,0.0031,204.104085,204.104088,14.522
3,5,OSM,0.0002,1,True,optimal,0.0029,48.676934,48.676935,18.229
4,10,OSM,0.0003,5,True,optimal,0.0096,223.502596,223.502614,32.755
5,10,OSM,0.0003,5,True,optimal,0.0137,233.317546,233.317591,45.184
6,15,OSM,0.0005,10,True,optimal,0.0327,154.069057,154.069063,68.901
7,15,OSM,0.0007,18,True,optimal,0.0421,224.210261,224.210271,58.707
8,20,OSM,0.0019,78,True,optimal,0.1408,355.420492,355.746094,74.237
9,20,OSM,0.002,79,True,optimal,0.1913,346.691526,346.958913,96.043
10,30,OSM,0.0025,130,True,optimal,0.5349,414.769149,414.769164,214.074
11,30,OSM,0.0048,162,True,optimal,0.8306,378.311285,378.606264,174.355
12,40,OSM,0.0045,156,True,optimal,0.7919,493.136912,493.558091,177.27
13,40,OSM,0.0379,1519,True,optimal,4.9816,558.798876,559.35258,131.384
14,50,OSM,0.2052,8512,True,optimal,54.7501,818.812985,819.631597,266.776
15,50,OSM,0.0371,1773,True,optimal,15.239,598.444062,599.023972,411.085
16,60,OSM,1.4211,33635,True,optimal,611.0322,2323.293813,2325.615188,429.96
17,60,OSM,0.2519,10433,True,optimal,130.4565,998.254513,999.252718,517.796
18,5,OSM,0.0001,1,True,optimal,0.0032,174.749759,174.74976,23.522
19,5,OSM,0.0002,4,True,optimal,0.0045,84.858206,84.858232,26.835
20,10,OSM,0.0002,4,True,optimal,0.0043,131.926236,131.926257,21.604
21,10,OSM,0.0003,7,True,optimal,0.0131,133.56425,133.564335,48.494
22,16,OSM,0.0008,24,True,optimal,0.0384,695.105008,695.286666,48.908
23,15,OSM,0.0006,25,True,optimal,0.0407,605.036529,605.491864,72.816
24,20,OSM,0.0012,19,True,optimal,0.1234,1060.162647,1060.162662,105.726
25,20,OSM,0.0031,58,True,optimal,0.1182,418.287303,418.287316,37.792
26,30,OSM,0.0461,2124,True,optimal,14.0237,695.909371,696.572825,303.901
27,30,OSM,0.0019,73,True,optimal,0.5558,3321.334079,3324.391034,292.506
28,40,OSM,0.1441,7582,True,optimal,76.5415,1444.966509,1446.404885,531.006
29,40,OSM,0.0096,516,True,optimal,1.0764,578.996629,579.538626,111.821
30,50,OSM,0.1242,4404,True,optimal,31.4161,655.533127,656.188419,252.965
31,50,OSM,0.3868,13295,True,optimal,151.0909,1806.207641,1808.011336,390.607
32,60,OSM,0.2425,6293,True,optimal,54.4509,1705.850981,1707.543136,224.496
33,60,OSM,0.1967,5399,True,optimal,34.6099,892.421082,893.311865,175.932
34,5,OSM,0.0002,3,True,optimal,0.0027,394.884084,394.884108,12.701
35,5,OSM,0.0001,0,True,optimal,0.0014,63.483638,63.48364,23.013
36,10,OSM,0.0024,36,True,optimal,0.0426,145.629218,145.708068,17.896
37,10,OSM,0.0003,5,True,optimal,0.0052,229.741128,229.940637,17.403
38,15,OSM,0.0075,44,True,optimal,0.0731,284.264593,284.481718,9.7
39,15,OSM,0.0039,22,True,optimal,0.029,243.401111,243.401131,7.366
40,20,OSM,0.0005,10,True,optimal,0.0141,303.11539,303.115424,26.707
41,20,OSM,0.0062,130,True,optimal,0.4727,407.158063,407.558982,76.363
42,30,OSM,0.0779,1724,True,optimal,12.0533,892.77448,893.666678,154.706
43,30,OSM,0.0122,81,True,optimal,0.1905,319.560496,319.667915,15.622
44,40,OSM,0.0075,62,True,optimal,0.1558,335.865398,335.899229,20.668
45,40,OSM,0.017,451,True,optimal,1.8522,625.55572,625.995888,109.166
46,50,OSM,0.1043,1371,True,optimal,5.3298,842.469534,843.258597,51.111
47,50,OSM,0.1485,2547,True,optimal,15.421,629.269809,629.886063,103.825
48,60,OSM,0.2816,4324,True,optimal,24.4497,2090.285128,2092.360445,86.814
49,60,OSM,0.1041,1361,True,optimal,5.9645,874.433544,875.305229,57.282
50,52,tessellation,0.6979,5433,True,optimal,18.6538,4674.487988,4679.100119,26.729
51,5,OSM,0.0002,1,True,optimal,0.0023,308.35987,308.359881,11.964
52,5,OSM,0.0001,0,True,optimal,0.0027,150.814719,150.814735,45.679
53,10,OSM,0.0002,1,True,optimal,0.0016,220.561493,220.561494,8.872
54,10,OSM,0.001,20,True,optimal,0.0237,294.860894,294.860965,23.856
55,15,OSM,0.0009,25,True,optimal,0.0463,278.464332,278.533992,51.075
56,15,OSM,0.0005,17,True,optimal,0.0214,360.229786,360.229809,39.094
57,20,OSM,0.0033,139,True,optimal,0.6256,518.51063,518.789933,192.345
58,20,OSM,0.0023,89,True,optimal,0.2829,658.055505,658.05556,123.331
59,30,OSM,0.0369,1311,True,optimal,9.0451,953.65576,954.608342,244.999
60,30,OSM,0.0176,677,True,optimal,4.0817,1008.372446,1009.189493,232.513
61,40,OSM,0.0396,1059,True,optimal,6.0992,818.789167,819.587413,154.054
62,40,OSM,0.0123,323,True,optimal,0.5916,748.030004,748.766116,48.084
63,50,OSM,0.7788,19838,True,optimal,181.752,1272.839175,1274.108297,233.385
64,50,OSM,3.5421,109395,True,optimal,4090.3231,1684.385065,1686.068974,1154.778
65,60,OSM,114.0207,1474485,True,open,,1032.934207,1399.471367,
66,60,OSM,58.0458,1482476,True,open,,1278.580044,1947.385915,
67,5,OSM,0.0002,2,True,optimal,0.0018,161.392229,161.392232,10.117
68,5,OSM,0.0001,1,True,optimal,0.002,80.264426,80.264429,17.129
69,10,OSM,0.0005,23,True,optimal,0.0548,472.921936,473.085337,114.884
70,6,OSM,0.0001,2,True,optimal,0.0027,141.427665,141.427677,20.294
71,15,OSM,0.0009,37,True,optimal,0.0573,477.134244,477.37738,61.442
72,15,OSM,0.0005,11,True,optimal,0.0093,203.663046,203.663051,18.864
73,20,OSM,0.0035,88,True,optimal,0.1495,747.391488,747.811509,43.024
74,20,OSM,0.0299,226,True,optimal,0.1427,387.722464,388.107045,4.767
75,30,OSM,0.0046,133,True,optimal,0.2806,1777.520846,1778.32383,60.425
76,30,OSM,0.0102,215,True,optimal,0.3605,704.556589,705.222752,35.344
77,40,OSM,0.027,468,True,optimal,1.0883,542.89401,543.427352,40.333
78,40,OSM,5.2644,124485,True,optimal,4462.0333,2951.584717,2954.536074,847.589
79,50,OSM,0.0213,200,True,optimal,0.62,571.168207,571.473491,29.094
80,50,OSM,0.3914,1295,True,optimal,6.6605,649.733806,650.32356,17.018
81,60,OSM,0.9403,7460,True,optimal,87.4675,946.208335,947.150944,93.018
82,60,OSM,0.0237,518,True,optimal,1.9152,591.458374,591.975112,80.836
83,14,tessellation,0.001,15,True,optimal,0.0173,18.199388,18.199384,17.088
84,5,OSM,0.0002,2,True,optimal,0.0048,81.63307,81.633073,23.811
85,5,OSM,0.0001,2,True,optimal,0.0049,94.646994,94.646994,33.617
86,10,OSM,0.0004,8,True,optimal,0.0232,1499.927051,1499.927071,55.94
87,10,OSM,0.0002,5,True,optimal,0.0062,123.847768,123.847774,29.32
88,15,OSM,0.0007,18,True,optimal,0.0527,261.774426,261.774453,76.125
89,15,OSM,0.0005,15,True,optimal,0.0425,361.812443,361.812456,87.522
90,20,OSM,0.0019,94,True,optimal,0.3563,501.658144,501.983868,190.988
91,20,OSM,0.0019,64,True,optimal,0.1649,541.823496,542.245552,88.976
92,30,OSM,0.0079,185,True,optimal,1.3421,1011.377482,1012.295737,169.395
93,30,OSM,0.0156,451,True,optimal,2.8363,597.216447,597.776126,182.396
94,40,OSM,0.0069,165,True,optimal,2.1566,2119.910421,2121.5575,312.926
95,40,OSM,0.0129,351,True,optimal,1.306,602.717235,603.277324,101.126
96,50,OSM,3.0839,50881,True,optimal,1394.7963,997.741756,998.739216,452.29
97,50,OSM,2.3891,66941,True,optimal,1290.6538,935.235377,936.170315,540.226
98,60,OSM,12.4828,171460,True,optimal,8712.1774,1651.068946,1652.719971,697.936
99,60,OSM,6.1132,201904,True,optimal,7415.6788,1357.624497,1358.981775,1213.058
100,5,OSM,0.0001,0,True,optimal,0.0022,113.203017,113.20302,20.743
101,5,OSM,0.0001,0,True,optimal,0.0026,54.766488,54.766502,40.612
102,10,OSM,0.0002,2,True,optimal,0.0028,140.600131,140.600132,15.789
103,10,OSM,0.0004,9,True,optimal,0.0156,214.683379,214.683438,38.366
104,15,OSM,0.0011,47,True,optimal,0.1337,380.454208,380.454219,120.796
105,15,OSM,0.0005,6,True,optimal,0.0139,456.676932,456.676947,27.308
106,20,OSM,0.0009,25,True,optimal,0.0322,277.558808,277.558856,35.319
107,20,OSM,0.0008,22,True,optimal,0.083,333.844002,333.844056,100.117
108,30,OSM,0.0091,306,True,optimal,1.682,1563.113205,1564.67107,184.375
109,30,OSM,0.0108,625,True,optimal,2.0215,526.684838,527.203208,187.855
110,40,OSM,0.0368,1493,True,optimal,3.8886,525.563545,526.055832,105.539
111,40,OSM,0.0423,1928,True,optimal,8.4661,536.022665,536.550824,200.314
112,50,OSM,0.833,35704,True,optimal,355.6745,1351.194855,1352.545779,426.967
113,50,OSM,0.1203,4040,True,optimal,43.7381,824.978959,825.799977,363.44
114,60,OSM,0.6351,20970,True,optimal,320.0739,1050.505806,1051.554744,503.992
115,60,OSM,0.3094,12565,True,optimal,93.7578,891.25971,892.15094,303.03
116,5,OSM,0.0003,2,True,optimal,0.0032,99.434687,99.434689,10.951
117,5,OSM,0.0003,4,True,optimal,0.0027,130.808185,130.808197,8.936
118,10,OSM,0.0003,8,True,optimal,0.0149,210.210446,210.210485,44.049
119,9,OSM,0.0003,8,True,optimal,0.014,337.695633,337.695635,45.551
120,15,OSM,0.0007,15,True,optimal,0.0353,457.213262,457.213278,48.455
121,15,OSM,0.0007,17,True,optimal,0.0225,221.525528,221.525534,32.958
122,20,OSM,0.0006,18,True,optimal,0.0659,541.312754,541.312771,102.87
123,20,OSM,0.0035,138,True,optimal,0.5704,391.552637,391.552662,160.676
124,30,OSM,1.54,21220,True,optimal,136.0594,314.32628,314.640325,88.351
125,30,OSM,0.0039,125,True,optimal,0.683,694.963693,694.963711,173.468
126,40,OSM,0.0221,818,True,optimal,4.6832,714.34196,715.039011,211.819
127,40,OSM,0.0091,362,True,optimal,2.3971,1056.536207,1057.53017,262.922
128,50,OSM,0.1093,569,True,optimal,3.5545,1486.217423,1487.639917,32.526
129,50,OSM,0.184,6540,True,optimal,48.5199,1000.371637,1001.371088,263.713
130,60,OSM,721.51,9585541,True,open,,802.040142,1075.467613,
131,60,OSM,29.4789,460576,True,optimal,41347.2218,2716.843642,2719.560461,1402.604
132,51,tessellation,0.3431,2610,True,optimal,6.4594,224.912308,225.134256,18.827
133,10,tessellation,0.0008,9,True,optimal,0.0063,13753.686361,13753.686369,8.233
134,15,tessellation,0.0005,11,True,optimal,0.006,14923.314078,14923.31408,11.528
135,20,tessellation,0.0074,57,True,optimal,0.0555,20577.473026,20597.920718,7.515
136,25,tessellation,0.0151,101,True,optimal,0.0787,22783.3732,22791.438473,5.198
137,30,tessellation,0.0024,51,True,optimal,0.0542,23005.316313,23016.041864,22.389
138,35,tessellation,0.0053,80,True,optimal,0.0894,25801.309837,25801.309856,16.76
139,40,tessellation,0.0561,424,True,optimal,0.718,24161.747032,24181.977823,12.794
140,45,tessellation,0.1596,1313,True,optimal,2.4153,27540.578852,27567.057903,15.132
141,50,tessellation,3.984,26018,True,optimal,74.7067,33077.466962,33110.403399,18.752
142,60,tessellation,4.2839,22840,True,optimal,63.2487,34608.974567,34643.546099,14.764
143,4,OSM,0.0002,1,True,optimal,0.0025,55.469555,55.469569,14.814
144,5,OSM,0.0002,3,True,optimal,0.0031,398.803446,398.803451,14.703
145,10,OSM,0.0004,8,True,optimal,0.0056,225.845414,225.845435,14.844
146,10,OSM,0.0004,6,True,optimal,0.0074,262.650307,262.650317,20.424
147,15,OSM,0.0012,51,True,optimal,0.0869,276.244069,276.477772,72.656
148,15,OSM,0.0006,21,True,optimal,0.029,785.00646,785.398613,50.877
149,20,OSM,0.0034,138,True,optimal,0.1273,243.964809,244.008305,37.41
150,20,OSM,0.0009,36,True,optimal,0.0499,1124.90374,1125.908639,53.473
151,30,OSM,0.0041,109,True,optimal,0.245,439.014395,439.191294,60.033
152,30,OSM,0.0028,129,True,optimal,0.3641,373.889818,374.195598,131.283
153,40,OSM,0.086,3314,True,optimal,16.2747,724.957918,725.675195,189.326
154,40,OSM,0.0096,375,True,optimal,2.4348,924.866226,925.752971,252.993
155,50,OSM,0.057,1961,True,optimal,8.167,718.821756,719.515283,143.301
156,50,OSM,0.2451,7680,True,optimal,57.8104,760.439129,761.196809,235.874
157,59,OSM,5.031,67239,True,optimal,1410.2545,4473.02055,4477.492046,280.315
158,60,OSM,0.4156,11424,True,optimal,114.1506,792.906845,793.694913,274.68
159,5,OSM,0.0002,3,True,optimal,0.0029,82.153254,82.153255,15.667
160,5,OSM,0.0003,8,True,optimal,0.0061,740.216066,740.216113,22.401
161,10,OSM,0.0008,16,True,optimal,0.019,263.237033,263.237051,23.854
162,10,OSM,0.0004,12,True,optimal,0.0093,152.273733,152.273798,22.099
163,15,OSM,0.0009,42,True,optimal,0.0656,706.509533,706.509562,70.102
164,15,OSM,0.0005,10,True,optimal,0.0067,133.131539,133.13158,14.361
165,20,OSM,0.0023,109,True,optimal,0.2935,506.80937,507.097665,130.153
166,20,OSM,0.0011,54,True,optimal,0.067,400.403061,400.754833,63.813
167,30,OSM,0.0026,131,True,optimal,0.1899,401.010647,401.346308,74.192
168,30,OSM,0.0046,254,True,optimal,0.4377,619.467811,619.989776,94.385
169,40,OSM,0.0072,259,True,optimal,0.6559,457.167718,457.611151,90.974
170,40,OSM,0.0212,1021,True,optimal,3.7549,480.426732,480.89911,177.057
171,50,OSM,0.2956,14328,True,optimal,112.8751,1023.300409,1024.322384,381.803
172,50,OSM,0.2063,9288,True,optimal,56.8097,703.520825,704.224326,275.409
173,60,OSM,0.1846,7639,True,optimal,47.3562,874.969166,875.838344,256.555
174,60,OSM,8.6594,324142,True,optimal,19612.3639,760.854134,761.614943,2264.866
175,5,OSM,0.0001,0,True,optimal,0.0022,94.018437,94.018445,21.142
176,5,OSM,0.0001,0,True,optimal,0.0016,47.458521,47.458523,18.83
177,10,OSM,0.0002,2,True,optimal,0.0023,72.690414,72.69042,9.159
178,10,OSM,0.0004,15,True,optimal,0.0073,103.529885,103.52991,18.087
179,15,OSM,0.0004,10,True,optimal,0.0099,115.102952,115.102964,24.022
180,15,OSM,0.0008,21,True,optimal,0.0337,213.890199,213.890224,43.323
181,20,OSM,0.0008,29,True,optimal,0.0208,195.403112,195.403115,25.939
182,20,OSM,0.008,243,True,optimal,0.4841,189.867485,190.000502,60.438
183,30,OSM,0.0024,91,True,optimal,0.1345,543.091536,543.493849,56.667
184,30,OSM,0.0074,291,True,optimal,0.9106,743.949189,744.64267,123.601
185,40,OSM,0.1852,1906,True,optimal,8.5319,189.895033,190.074726,46.074
186,40,OSM,0.0294,954,True,optimal,4.0308,782.776011,783.544678,137.018
187,50,OSM,0.0146,258,True,optimal,0.3814,548.89549,549.141366,26.194
188,50,OSM,0.1726,4313,True,optimal,21.065,834.92184,835.752721,122.016
189,60,OSM,23.6184,144682,True,optimal,2160.9833,473.700221,474.173896,91.496
190,60,OSM,0.3588,3230,True,optimal,14.1078,822.530851,823.344503,39.323
191,4,OSM,0.0001,0,True,optimal,0.0019,89.093544,89.093544,27.226
192,5,OSM,0.0002,1,True,optimal,0.0027,77.685038,77.685072,16.308
193,10,OSM,0.0003,9,True,optimal,0.0047,135.910792,136.014085,14.865
194,10,OSM,0.0003,6,True,optimal,0.0039,155.220948,155.220954,11.606
195,15,OSM,0.0016,39,True,optimal,0.0514,299.436282,299.600282,32.894
196,15,OSM,0.0007,18,True,optimal,0.035,199.456172,199.456194,50.668
197,20,OSM,0.0009,25,True,optimal,0.1143,395.313842,395.313855,130.529
198,20,OSM,0.0014,59,True,optimal,0.0933,380.958587,380.958629,64.615
199,30,OSM,0.0021,64,True,optimal,0.3303,517.066555,517.345093,155.697
200,30,OSM,0.0128,410,True,optimal,0.8505,428.243129,428.628436,66.257
201,40,OSM,0.0162,793,True,optimal,2.8148,598.447758,599.030899,174.204
202,40,OSM,0.0553,2647,True,optimal,11.0556,616.464651,617.07594,199.989
203,50,OSM,1.2416,47466,True,optimal,801.0989,1453.659148,1455.112592,645.217
204,50,OSM,0.1149,4846,True,optimal,21.2229,770.662773,771.418545,184.672
205,60,OSM,0.5632,21561,True,optimal,189.1513,928.731148,929.65849,335.832
206,60,OSM,1.6251,62107,True,optimal,1027.1461,1264.426838,1265.691243,632.032
207,10,tessellation,0.0003,4,True,optimal,0.006,26213.813144,26233.557466,19.29
208,15,tessellation,0.0006,18,True,optimal,0.0129,29436.178244,29436.178245,21.47
209,20,tessellation,0.0054,81,True,optimal,0.0743,43479.558844,43521.972188,13.832
210,25,tessellation,0.0082,141,True,optimal,0.1533,52304.774366,52304.774406,18.66
211,30,tessellation,0.0071,152,True,optimal,0.1507,45012.001702,45030.87914,21.346
212,35,tessellation,0.009,152,True,optimal,0.1666,57418.925898,57456.116851,18.577
213,40,tessellation,0.2869,1713,True,optimal,2.8668,59567.469325,59621.40781,9.991
214,45,tessellation,1.0594,8499,True,optimal,29.1465,68463.556969,68530.141807,27.512
215,50,tessellation,1.9297,10383,True,optimal,11.8393,60377.75319,60438.079425,6.135
216,60,tessellation,59.0563,239465,True,optimal,1597.8258,74103.712399,74177.803168,27.056
217,4,OSM,0.0002,2,True,optimal,0.0029,97.755391,97.755406,14.326
218,5,OSM,0.0002,1,True,optimal,0.0023,74.094527,74.094542,11.893
219,10,OSM,0.0003,1,True,optimal,0.0037,169.135053,169.135073,12.642
220,10,OSM,0.0005,11,True,optimal,0.0168,208.572746,208.572802,33.099
221,15,OSM,0.0011,40,True,optimal,0.0521,368.733725,368.736051,45.56
222,15,OSM,0.0008,39,True,optimal,0.0408,247.367598,247.367635,48.419
223,20,OSM,0.0016,44,True,optimal,0.0759,354.777088,354.777129,47.189
224,20,OSM,0.0015,43,True,optimal,0.1209,472.979407,473.264571,81.725
225,30,OSM,0.0171,326,True,optimal,0.6958,749.016697,749.658307,40.735
226,30,OSM,0.0014,39,True,optimal,0.1465,593.368525,593.711419,103.246
227,40,OSM,0.0281,832,True,optimal,3.0252,496.908141,497.395202,107.812
228,40,OSM,0.0578,1326,True,optimal,6.1092,611.569476,612.128035,105.784
229,50,OSM,0.6829,12342,True,optimal,96.4651,715.344256,716.05738,141.253
230,50,OSM,0.4021,7790,True,optimal,64.8637,882.028566,882.910035,161.299
231,60,OSM,38.2584,371506,True,optimal,49896.1724,1021.312234,1022.333544,1304.187
232,60,OSM,1.3517,11548,True,optimal,91.7696,1484.800506,1486.284726,67.892
233,5,OSM,0.0002,3,True,optimal,0.0041,113.850393,113.850399,21.312
234,4,OSM,0.0002,1,True,optimal,0.0021,320.916153,320.916156,12.15
235,10,OSM,0.0009,26,True,optimal,0.0208,279.947966,279.948028,23.213
236,10,OSM,0.0005,13,True,optimal,0.0146,441.425768,441.534778,26.569
237,15,OSM,0.0007,21,True,optimal,0.031,768.250941,768.313772,47.148
238,15,OSM,0.0009,36,True,optimal,0.0648,343.966175,343.96627,69.824
239,20,OSM,0.0004,6,True,optimal,0.006,210.185025,210.185038,13.713
240,20,OSM,0.0008,21,True,optimal,0.0385,595.087187,595.087256,50.322
241,30,OSM,0.0063,334,True,optimal,1.1892,847.035263,847.863099,189.558
242,30,OSM,0.0077,396,True,optimal,0.9945,738.303781,739.030613,128.809
243,40,OSM,0.0938,3664,True,optimal,20.782,1068.217125,1069.255235,221.509
244,40,OSM,0.0447,1630,True,optimal,7.4496,1632.715078,1634.109096,166.81
245,50,OSM,1.1139,42450,True,optimal,614.2057,1162.928712,1164.091226,551.406
246,50,OSM,0.3655,12161,True,optimal,156.6761,1289.698543,1290.985516,428.716
247,60,OSM,3.348,96438,True,optimal,3301.5339,1054.476901,1055.531291,986.132
248,60,OSM,7.7949,213340,True,optimal,12794.2607,2281.195588,2283.476716,1641.353
249,5,OSM,0.0002,1,True,optimal,0.0034,88.685849,88.685853,19.802
250,5,OSM,0.0002,2,True,optimal,0.0049,144.274175,144.274178,28.823
251,10,OSM,0.001,27,True,optimal,0.0406,232.661768,232.661772,39.043
252,10,OSM,0.0005,10,True,optimal,0.0194,1163.974046,1163.974047,35.489
253,15,OSM,0.0006,16,True,optimal,0.0419,514.637076,514.637081,66.553
254,15,OSM,0.0008,17,True,optimal,0.0879,266.849322,266.849354,113.758
255,20,OSM,0.0016,49,True,optimal,0.1506,437.182561,437.182572,96.447
256,20,OSM,0.0016,68,True,optimal,0.2389,511.836511,512.242046,148.685
257,30,OSM,0.0048,190,True,optimal,1.3672,492.535623,493.0222,285.213
258,30,OSM,0.0095,543,True,optimal,2.5761,639.409159,639.938719,270.161
259,40,OSM,0.0438,2116,True,optimal,11.9047,726.759457,727.48474,272.066
260,40,OSM,0.0132,538,True,optimal,3.0513,710.288362,710.997249,230.517
261,50,OSM,0.7194,27475,True,optimal,467.3517,1305.208024,1306.512381,649.648
262,50,OSM,4.1184,38255,True,optimal,553.9688,757.909336,758.667111,134.509
263,60,OSM,1.7147,58256,True,optimal,1232.4923,1381.540602,1382.922136,718.799
264,60,OSM,0.1545,6196,True,optimal,60.8167,1280.709533,1281.980423,393.515
265,5,random,0.0002,2,True,optimal,0.0052,83.293871,83.29391,20.996
266,5,random,0.0007,10,True,optimal,0.0123,42.916089,42.916097,18.325
267,5,random,0.0003,2,True,optimal,0.0053,66.325118,66.32512,17.237
268,5,random,0.0003,4,True,optimal,0.0072,81.999321,81.999324,24.299
269,5,random,0.0008,13,True,optimal,0.0182,90.083564,90.083626,23.486
270,5,random,0.0003,4,True,optimal,0.012,100.025411,100.025417,34.562
271,5,random,0.0017,7,True,optimal,0.0093,74.59439,74.594418,5.416
272,5,random,0.0005,3,True,optimal,0.0076,63.777743,63.777746,15.857
273,5,random,0.0003,2,True,optimal,0.0029,43.604366,43.604368,11.214
274,5,random,0.0004,6,True,optimal,0.013,73.696555,73.696571,36.628
275,5,random,0.0003,4,True,optimal,0.0059,66.819329,66.819354,21.578
276,5,random,0.0003,6,True,optimal,0.0071,77.052914,77.052926,23.343
277,5,random,0.0003,3,True,optimal,0.0046,69.390304,69.390382,15.894
278,5,random,0.0003,3,True,optimal,0.0102,79.659643,79.659659,39.714
279,5,random,0.0002,2,True,optimal,0.0092,68.98402,68.984024,38.628
280,5,random,0.0003,3,True,optimal,0.0069,46.240094,46.240109,25.57
281,5,random,0.0002,1,True,optimal,0.0038,46.571194,46.571204,17.08
282,5,random,0.0004,5,True,optimal,0.0065,44.770199,44.770204,15.456
283,5,random,0.0003,4,True,optimal,0.0076,80.21682,80.216826,29.781
284,5,random,0.0003,10,True,optimal,0.0138,89.463235,89.463243,39.683
285,10,random,0.0007,24,True,optimal,0.0571,111.47716,111.477175,80.135
286,10,random,0.0012,28,True,optimal,0.0594,102.861526,102.912281,50.645
287,10,random,0.0007,17,True,optimal,0.0239,91.247107,91.247124,36.297
288,9,random,0.0003,4,True,optimal,0.011,82.237935,82.237943,32.581
289,10,random,0.001,17,True,optimal,0.0226,96.525425,96.535367,21.748
290,10,random,0.0014,19,True,optimal,0.0157,88.427451,88.43598,11.408
291,10,random,0.001,17,True,optimal,0.0224,109.256588,109.256596,22.528
292,10,random,0.0008,26,True,optimal,0.0298,101.532834,101.532874,36.362
293,10,random,0.0005,12,True,optimal,0.0153,89.009071,89.009089,31.046
294,10,random,0.0006,10,True,optimal,0.0104,110.591773,110.591783,18.68
295,10,random,0.0004,7,True,optimal,0.0091,77.718215,77.718223,21.784
296,10,random,0.0007,23,True,optimal,0.029,123.860704,123.860718,38.961
297,10,random,0.0012,20,True,optimal,0.0302,92.602223,92.687365,25.357
298,10,random,0.0005,14,True,optimal,0.0155,118.998001,118.998015,28.279
299,10,random,0.0018,22,True,optimal,0.0243,85.07537,85.075417,13.262
300,10,random,0.001,20,True,optimal,0.0281,83.33141,83.331455,28.595
301,10,random,0.0005,11,True,optimal,0.0139,106.301047,106.301067,28.961
302,10,random,0.0005,8,True,optimal,0.0117,102.960157,102.970878,26.066
303,10,random,0.0005,13,True,optimal,0.0133,81.96878,81.968839,26.25
304,10,random,0.0006,12,True,optimal,0.0187,113.866498,113.866547,33.784
305,15,random,0.0032,46,True,optimal,0.061,104.637645,104.637647,19.035
306,15,random,0.0012,13,True,optimal,0.0295,116.084989,116.085017,24.417
307,15,random,0.0019,18,True,optimal,0.0436,89.887472,89.887465,22.452
308,15,random,0.0014,30,True,optimal,0.0329,124.80469,124.804705,24.04
309,14,random,0.0024,36,True,optimal,0.0914,109.554391,109.655894,37.99
310,15,random,0.0048,57,True,optimal,0.0946,89.192913,89.192938,19.657
311,15,random,0.0039,70,True,optimal,0.106,111.372016,111.429201,27.363
312,15,random,0.0011,19,True,optimal,0.0737,111.238778,111.238779,65.107
313,15,random,0.0138,57,True,optimal,0.07,108.277761,108.282462,5.058
314,15,random,0.0009,13,True,optimal,0.0258,116.521338,116.521351,29.036
315,15,random,0.0008,24,True,optimal,0.0426,97.744901,97.744949,52.635
316,15,random,0.0008,22,True,optimal,0.0458,94.945139,94.948962,55.424
317,15,random,0.0085,71,True,optimal,0.1514,121.957937,122.066317,17.776
318,15,random,0.0039,35,True,optimal,0.0631,118.56714,118.632148,15.97
319,15,random,0.0028,65,True,optimal,0.0641,108.663855,108.688572,23.313
320,15,random,0.0017,31,True,optimal,0.0656,100.6158,100.615811,39.383
321,15,random,0.0025,39,True,optimal,0.0486,113.678614,113.678652,19.085
322,15,random,0.0029,35,True,optimal,0.0814,128.628142,128.690043,28.236
323,15,random,0.0019,59,True,optimal,0.1024,122.705597,122.7056,55.15
324,15,random,0.0007,11,True,optimal,0.0189,107.93149,107.931494,27.02
325,20,random,0.0127,135,True,optimal,0.295,128.960783,129.088283,23.213
326,20,random,0.0016,48,True,optimal,0.1328,144.673254,144.68716,84.893
327,20,random,0.0039,61,True,optimal,0.1051,136.869988,136.937438,27.018
328,20,random,0.017,130,True,optimal,0.192,144.075438,144.193785,11.294
329,20,random,0.0018,70,True,optimal,0.1516,107.672963,107.672963,84.853
330,20,random,0.0114,64,True,optimal,0.1184,125.924069,126.020225,10.354
331,20,random,0.006,66,True,optimal,0.1538,132.03215,132.067716,25.679
332,19,random,0.0023,94,True,optimal,0.2272,127.999138,128.105907,99.297
333,19,random,0.002,42,True,optimal,0.0602,112.068686,112.10744,30.52
334,19,random,0.0019,49,True,optimal,0.1177,126.94684,126.996914,60.368
335,19,random,0.0045,87,True,optimal,0.2815,106.662234,106.746647,61.895
336,20,random,0.0021,34,True,optimal,0.1351,129.446166,129.456835,62.863
337,20,random,0.0042,131,True,optimal,0.3555,136.938359,137.025053,84.19
338,19,random,0.0012,36,True,optimal,0.0683,137.175179,137.257891,57.006
339,20,random,0.0082,128,True,optimal,0.2974,134.942571,134.942602,36.439
340,20,random,0.0047,155,True,optimal,0.4353,120.472702,120.584363,93.433
341,19,random,0.0011,27,True,optimal,0.1735,142.874231,142.921583,161.166
342,20,random,0.0056,130,True,optimal,0.3286,144.812413,144.880513,58.852
343,20,random,0.004,107,True,optimal,0.2037,109.007194,109.109795,50.859
344,20,random,0.0198,128,True,optimal,0.2276,102.294548,102.391443,11.504
345,30,random,0.0142,239,True,optimal,0.6482,148.289461,148.421789,45.72
346,30,random,0.0196,203,True,optimal,0.403,126.811471,126.905583,20.601
347,29,random,0.0547,234,True,optimal,0.9,149.309225,149.450759,16.441
348,30,random,0.0042,103,True,optimal,0.2337,124.549827,124.563951,55.886
349,30,random,0.1291,1637,True,optimal,4.6251,145.320073,145.464508,35.829
350,30,random,0.0199,345,True,optimal,1.008,154.224191,154.369789,50.621
351,30,random,0.0092,91,True,optimal,0.4162,147.551286,147.698242,45.245
352,29,random,0.0376,577,True,optimal,1.6452,144.8915,145.005796,43.741
353,30,random,0.0063,313,True,optimal,0.9996,147.198239,147.325,157.993
354,28,random,0.0391,280,True,optimal,0.6109,148.56986,148.712822,15.635
355,30,random,0.0061,242,True,optimal,0.7376,154.729987,154.869861,121.531
356,30,random,0.0639,347,True,optimal,0.9523,147.717094,147.751791,14.904
357,30,random,0.0065,244,True,optimal,0.6847,139.730255,139.846634,105.341
358,30,random,0.0565,476,True,optimal,1.5739,133.248442,133.373146,27.856
359,30,random,0.0152,518,True,optimal,1.3707,143.512746,143.652652,89.97
360,30,random,0.0063,117,True,optimal,0.3653,145.790431,145.895848,57.533
361,30,random,0.0488,459,True,optimal,1.4629,138.629832,138.740629,29.965
362,30,random,0.009,105,True,optimal,0.2605,150.493632,150.579401,28.801
363,29,random,0.0073,163,True,optimal,0.5395,146.748879,146.854546,73.652
364,30,random,0.0292,204,True,optimal,0.4716,129.984278,130.004845,16.151
365,40,random,0.1109,691,True,optimal,2.9026,151.723843,151.874731,26.18
366,40,random,0.2183,1883,True,optimal,7.3461,158.772214,158.929386,33.654
367,39,random,0.5263,1961,True,optimal,6.3052,143.898526,144.017673,11.979
368,40,random,0.0668,398,True,optimal,1.1476,149.091128,149.23016,17.174
369,38,random,0.2382,3735,True,optimal,20.4321,163.165281,163.328398,85.781
370,38,random,0.0318,512,True,optimal,1.5599,142.337665,142.475901,49.128
371,39,random,0.0075,132,True,optimal,0.3396,146.48791,146.542782,45.506
372,39,random,0.1681,1290,True,optimal,6.2012,151.27082,151.421864,36.89
373,39,random,0.1083,1642,True,optimal,6.5698,154.815843,154.970551,60.688
374,38,random,0.0287,265,True,optimal,1.6629,155.849117,156.004174,57.991
375,39,random,0.0301,281,True,optimal,1.335,149.376033,149.475852,44.424
376,37,random,0.0233,414,True,optimal,1.367,160.846728,160.993892,58.698
377,39,random,0.0186,271,True,optimal,0.9548,149.168055,149.281519,51.441
378,40,random,0.1317,950,True,optimal,2.9955,156.279536,156.433531,22.738
379,39,random,0.0323,312,True,optimal,0.9442,149.296985,149.443866,29.232
380,40,random,0.0301,468,True,optimal,1.2423,156.74977,156.892752,41.319
381,40,random,0.0356,429,True,optimal,1.0907,160.309863,160.452083,30.676
382,40,random,0.043,962,True,optimal,2.9494,163.360596,163.493092,68.592
383,39,random,0.0203,320,True,optimal,0.8903,147.475604,147.603083,43.831
384,39,random,0.0523,886,True,optimal,3.401,165.494419,165.651257,65.084
385,48,random,0.353,3704,True,optimal,24.8295,164.143651,164.301865,70.341
386,50,random,0.1836,1115,True,optimal,5.5972,165.844455,165.99494,30.493
387,48,random,0.2179,3083,True,optimal,18.68,167.567751,167.735167,85.736
388,47,random,0.0668,715,True,optimal,3.6367,164.473015,164.636549,54.421
389,50,random,0.6758,8015,True,optimal,47.5242,169.081614,169.250075,70.327
390,49,random,0.1318,2154,True,optimal,14.986,166.842315,167.008106,113.703
391,50,random,0.6939,4596,True,optimal,35.6801,161.521796,161.682554,51.423
392,48,random,0.1909,5704,True,optimal,42.564,178.28789,178.466,222.974
393,46,random,0.0679,804,True,optimal,3.3332,151.63999,151.784436,49.11
394,49,random,0.3653,2453,True,optimal,15.3485,168.013862,168.181818,42.013
395,49,random,1.7535,13204,True,optimal,111.3793,173.865637,174.039095,63.518
396,49,random,0.1914,1156,True,optimal,7.0519,166.406974,166.57034,36.845
397,49,random,0.2884,2774,True,optimal,30.0951,172.479126,172.650561,104.344
398,48,random,0.2348,1876,True,optimal,10.5253,164.41664,164.574275,44.819
399,49,random,0.2596,3061,True,optimal,21.5734,158.715859,158.874095,83.114
400,50,random,0.1541,1008,True,optimal,3.519,157.482695,157.630159,22.835
401,50,random,0.1218,932,True,optimal,5.9082,166.187,166.340843,48.515
402,48,random,0.0753,1703,True,optimal,12.1773,157.993039,158.138942,161.763
403,50,random,0.3764,2942,True,optimal,18.403,160.086658,160.246613,48.886
404,49,random,1.3985,4405,True,optimal,23.7228,173.122493,173.293418,16.963
405,60,random,2.2304,15305,True,optimal,113.3071,180.594274,180.774477,50.801
406,59,random,0.4131,5362,True,optimal,33.2637,180.430073,180.610361,80.526
407,60,random,0.6273,4163,True,optimal,21.4912,164.519433,164.678153,34.258
408,58,random,0.2066,2390,True,optimal,12.1628,178.099887,178.277164,58.885
409,56,random,0.7375,3985,True,optimal,20.1764,174.344966,174.509257,27.357
410,58,random,0.3238,6210,True,optimal,37.2245,168.754631,168.923268,114.961
411,59,random,1.5694,21879,True,optimal,202.3733,180.098609,180.27862,128.951
412,57,random,4.8074,31244,True,optimal,359.8696,179.231098,179.410186,74.858
413,59,random,0.5446,5233,True,optimal,29.1171,185.364018,185.549324,53.461
414,58,random,0.2528,3336,True,optimal,18.132,163.353973,163.516914,71.717
415,59,random,0.8195,13998,True,optimal,107.9442,178.824511,179.002791,131.718
416,60,random,1.1213,6405,True,optimal,46.8285,163.78462,163.945928,41.764
417,59,random,3.2437,16750,True,optimal,217.5252,175.644108,175.819402,67.061
418,59,random,28.4565,282497,True,optimal,17977.5709,178.513464,178.691974,631.756
419,59,random,2.6035,20792,True,optimal,233.3914,173.961309,174.134939,89.645
420,60,random,144.2077,390567,True,optimal,24631.4930,187.458694,187.646132,170.806
421,58,random,0.8531,11602,True,optimal,72.9013,177.819963,177.996882,85.45
422,58,random,5.78,83131,True,optimal,2174.3988,179.322411,179.501728,376.194
423,59,random,2.2633,18149,True,optimal,151.3525,181.029359,181.209709,66.873
424,56,random,0.8856,6720,True,optimal,79.2304,170.503068,170.673498,89.462
425,4,OSM,0.0002,1,True,optimal,0.0021,102.627231,102.627233,9.52
426,4,OSM,0.0001,0,True,optimal,0.0015,54.809502,54.809504,19.758
427,10,OSM,0.0007,10,True,optimal,0.0065,155.402466,155.402514,9.308
428,10,OSM,0.0004,7,True,optimal,0.0046,156.222042,156.222049,10.157
429,15,OSM,0.0007,10,True,optimal,0.0063,284.989137,284.989179,8.805
430,15,OSM,0.0006,5,True,optimal,0.0071,196.866128,196.866136,12.331
431,20,OSM,0.0011,27,True,optimal,0.0207,448.986688,448.986706,18.918
432,20,OSM,0.0015,31,True,optimal,0.0409,248.861732,248.861735,28.085
433,30,OSM,0.0035,61,True,optimal,0.3361,920.759115,921.15122,95.567
434,30,OSM,0.0306,286,True,optimal,1.1177,463.403389,463.844987,36.555
435,40,OSM,0.0153,418,True,optimal,1.0619,643.605923,643.941592,69.207
436,39,OSM,0.0332,667,True,optimal,2.871,546.972721,547.502334,86.578
437,50,OSM,0.0444,328,True,optimal,1.0025,422.851939,423.267954,22.569
438,50,OSM,0.0261,628,True,optimal,2.7025,1165.744357,1166.876782,103.561
439,59,OSM,0.9109,9850,True,optimal,66.0979,836.92588,837.76095,72.567
440,59,OSM,0.5485,8538,True,optimal,25.3961,710.551669,711.262208,46.301
441,10,tessellation,0.0002,2,True,optimal,0.0022,3581.686672,3581.686674,11.535
442,20,tessellation,0.0032,27,True,optimal,0.0145,6305.440199,6307.228855,4.473
443,30,tessellation,0.0035,52,True,optimal,0.0933,8408.367101,8408.367106,27.005
444,40,tessellation,0.0137,247,True,optimal,0.4716,8119.365859,8126.9374,34.469
445,50,tessellation,0.0454,474,True,optimal,0.7778,10082.498088,10088.131947,17.136
446,60,tessellation,0.5607,3001,True,optimal,8.7118,8632.665558,8640.564097,15.537
447,10,tessellation,0.0004,8,True,optimal,0.0052,2.054686,2.054687,12.242
448,20,tessellation,0.0151,133,True,optimal,0.1334,2.497775,2.497851,8.863
449,30,tessellation,0.0096,146,True,optimal,0.231,2.552894,2.555385,23.997
450,40,tessellation,0.0049,139,True,optimal,0.1476,3.240775,3.243909,30.274
451,50,tessellation,0.3448,2522,True,optimal,6.959,3.508972,3.512406,20.185
452,60,tessellation,7.3612,25423,True,optimal,25.1849,3.795035,3.798799,3.421
453,10,tessellation,0.0009,8,True,optimal,0.0056,866569.472124,866569.472132,6.518
454,15,tessellation,0.001,13,True,optimal,0.0121,1330259.223574,1330259.22359,11.605
455,20,tessellation,0.0031,43,True,optimal,0.0411,1424482.12285,1424534.077172,13.406
456,25,tessellation,0.0018,40,True,optimal,0.0329,1716152.711331,1717218.181993,18.754
457,30,tessellation,0.0058,86,True,optimal,0.0945,1545672.89872,1545867.895954,16.406
458,35,tessellation,0.1441,956,True,optimal,1.5279,1775749.304479,1777268.417495,10.602
459,40,tessellation,0.1663,1577,True,optimal,3.5725,1799079.801449,1800821.854138,21.487
460,45,tessellation,0.1812,1720,True,optimal,3.6633,1997937.880775,1999821.751854,20.215
461,50,tessellation,0.1106,1132,True,optimal,2.0861,2024192.927466,2026108.076921,18.864
462,60,tessellation,5.4241,27896,True,optimal,130.6122,2124206.463035,2126323.614084,24.08
463,4,OSM,0.0001,0,True,optimal,0.0019,84.984603,84.984605,20.862
464,5,OSM,0.0002,3,True,optimal,0.0054,206.680638,206.68064,33.886
465,10,OSM,0.0003,3,True,optimal,0.0035,161.502703,161.502706,12.265
466,10,OSM,0.0005,12,True,optimal,0.0086,285.070613,285.070619,17.138
467,15,OSM,0.0007,7,True,optimal,0.018,261.518387,261.518443,25.724
468,15,OSM,0.0008,14,True,optimal,0.0227,470.38729,470.387308,30.264
469,20,OSM,0.0027,104,True,optimal,0.1614,338.221028,338.404246,59.481
470,20,OSM,0.0016,35,True,optimal,0.094,461.719995,461.807871,59.65
471,30,OSM,0.0101,335,True,optimal,1.8009,3244.233875,3246.46986,178.961
472,30,OSM,0.0032,86,True,optimal,0.181,682.260067,682.260084,56.344
473,40,OSM,0.0128,413,True,optimal,1.1555,678.674081,679.338175,90.579
474,40,OSM,0.0038,114,True,optimal,1.0546,890.855005,891.685526,279.853
475,50,OSM,0.2883,12581,True,optimal,103.9696,1188.506378,1189.69242,360.667
476,50,OSM,0.261,11062,True,optimal,131.388,1031.856238,1032.887124,503.351
477,60,OSM,7.8852,219269,True,optimal,12965.3882,1502.679265,1504.181821,1644.263
478,60,OSM,0.6964,15517,True,optimal,227.9182,2377.731007,2380.10859,327.263
479,5,OSM,0.0001,0,True,optimal,0.0033,73.924945,73.924946,38.083
480,5,OSM,0.0001,0,True,optimal,0.0018,93.622192,93.622205,22.473
481,10,OSM,0.0003,2,True,optimal,0.0043,173.941732,173.941783,12.478
482,10,OSM,0.0003,2,True,optimal,0.0048,128.47957,128.479587,14.696
483,15,OSM,0.0007,11,True,optimal,0.0361,383.323917,383.41882,53.827
484,15,OSM,0.001,35,True,optimal,0.0792,272.354044,272.354069,75.909
485,20,OSM,0.0009,14,True,optimal,0.0449,720.524975,720.525029,49.581
486,20,OSM,0.0006,5,True,optimal,0.0072,328.858159,328.858173,12.702
487,30,OSM,0.0037,111,True,optimal,0.5029,564.453312,564.567986,134.135
488,30,OSM,0.0427,1291,True,optimal,10.617,642.899156,643.533256,248.915
489,40,OSM,0.4688,10256,True,optimal,77.3262,769.051836,769.815969,164.932
490,40,OSM,0.0192,503,True,optimal,2.5355,882.209752,883.090763,131.963
491,50,OSM,0.0335,1308,True,optimal,7.6328,1004.320375,1005.287051,227.682
492,50,OSM,1.1032,42788,True,optimal,803.5569,1073.063859,1074.136752,728.412
493,60,OSM,84.3285,1787419,True,open,,547.323219,731.61432,
494,60,OSM,2.5944,87836,True,optimal,2587.5568,963.06579,964.028668,997.378
495,16,tessellation,0.0024,22,True,optimal,0.0389,35.881818,35.895669,15.992
496,22,tessellation,0.0013,16,True,optimal,0.0426,38.263029,38.284589,33.048
497,10,tessellation,0.0004,7,True,optimal,0.0089,1104.146455,1104.14646,22.039
498,10,tessellation,0.0003,2,True,optimal,0.0041,1422.254661,1422.254681,15.771
499,15,tessellation,0.0008,12,True,optimal,0.0136,2103.634033,2103.634038,16.056
500,15,tessellation,0.0014,26,True,optimal,0.0392,2102.288316,2102.288366,27.406
501,20,tessellation,0.0012,22,True,optimal,0.0299,2892.332085,2892.332137,24.293
502,20,tessellation,0.0014,32,True,optimal,0.0269,3107.703868,3107.703896,19.138
503,25,tessellation,0.0166,209,True,optimal,0.347,4202.590788,4204.628738,20.947
504,25,tessellation,0.0048,112,True,optimal,0.1582,4492.787675,4495.470073,32.903
505,30,tessellation,0.0234,202,True,optimal,0.4447,4546.197881,4549.938818,19.036
506,30,tessellation,0.0212,241,True,optimal,0.5982,5954.66323,5960.278177,28.257
507,35,tessellation,0.0488,490,True,optimal,0.7682,6044.965008,6050.354949,15.755
508,35,tessellation,0.028,299,True,optimal,0.2655,6389.771603,6393.614783,9.496
509,40,tessellation,0.2269,1829,True,optimal,3.2788,8719.31948,8727.929054,14.451
510,40,tessellation,0.0231,266,True,optimal,0.3856,7930.709126,7938.366291,16.668
511,45,tessellation,0.0443,491,True,optimal,0.8804,9141.134887,9148.085677,19.866
512,45,tessellation,0.3868,1836,True,optimal,4.54,9570.384679,9575.322179,11.736
513,50,tessellation,0.2297,2143,True,optimal,5.1085,10923.545291,10933.803289,22.239
514,50,tessellation,0.2736,2035,True,optimal,5.0348,11500.674753,11511.525878,18.401
515,60,tessellation,1.6528,10511,True,optimal,36.3387,13458.817243,13472.209683,21.986
516,60,tessellation,4.4621,34433,True,optimal,243.9019,14146.181662,14160.111049,54.661
517,10,tessellation,0.0003,5,True,optimal,0.0054,10439.326337,10439.326339,16.568
518,15,tessellation,0.0014,28,True,optimal,0.0279,26314.898378,26314.898426,19.719
519,20,tessellation,0.0019,33,True,optimal,0.0781,22167.33248,22176.757061,40.827
520,25,tessellation,0.0024,44,True,optimal,0.057,25809.57072,25823.330913,23.592
521,30,tessellation,0.0037,73,True,optimal,0.0934,28699.660347,28699.921804,25.113
522,35,tessellation,0.0918,717,True,optimal,2.4283,35812.720872,35848.530493,26.456
523,40,tessellation,0.2676,1345,True,optimal,4.564,28508.141739,28536.240611,17.056
524,45,tessellation,0.0632,598,True,optimal,1.4356,32780.716145,32807.064046,22.703
525,50,tessellation,0.0439,583,True,optimal,1.1949,35590.150751,35623.502624,27.192
526,60,tessellation,0.2102,2117,True,optimal,5.6447,39169.707786,39208.241042,26.851
527,5,OSM,0.0004,5,True,optimal,0.0035,110.399783,110.399787,9.824
528,4,OSM,0.0002,1,True,optimal,0.0022,216.595202,216.59521,12.18
529,10,OSM,0.0007,17,True,optimal,0.0275,372.218385,372.218422,38.99
530,10,OSM,0.0008,17,True,optimal,0.0258,223.182786,223.392,33.936
531,15,OSM,0.0013,48,True,optimal,0.0787,457.742188,457.742205,61.169
532,15,OSM,0.0015,42,True,optimal,0.0417,452.29464,452.294678,27.378
533,20,OSM,0.0018,51,True,optimal,0.1099,451.540215,451.961297,60.951
534,20,OSM,0.0039,43,True,optimal,0.068,332.885031,332.913687,17.31
535,30,OSM,0.0263,1387,True,optimal,4.7144,691.030067,691.713369,179.042
536,30,OSM,0.0049,158,True,optimal,0.5195,1541.203023,1542.380648,105.343
537,40,OSM,0.0288,306,True,optimal,0.7602,629.516011,630.122438,26.4
538,40,OSM,0.1594,1771,True,optimal,6.5968,749.812887,750.55413,41.381
539,50,OSM,0.819,9697,True,optimal,134.5584,1532.053729,1533.584076,164.294
540,50,OSM,0.4623,12881,True,optimal,104.0339,1382.193951,1383.575173,225.054
541,60,OSM,9.6097,42221,True,optimal,343.4977,945.434684,946.379858,35.745
542,60,OSM,340.7175,7572676,True,open,,759.209998,1163.894317,
543,5,OSM,0.0003,3,True,optimal,0.0035,225.285008,225.285014,12.754
544,5,OSM,0.0003,3,True,optimal,0.0046,156.156713,156.156718,16.897
545,10,OSM,0.0009,31,True,optimal,0.0095,274.35476,274.354784,10.815
546,10,OSM,0.0004,5,True,optimal,0.0094,395.540738,395.540776,25.74
547,15,OSM,0.0022,43,True,optimal,0.1318,545.770196,545.915877,58.662
548,15,OSM,0.0017,57,True,optimal,0.0618,595.126664,595.266245,36.145
549,20,OSM,0.0021,53,True,optimal,0.1204,637.642676,637.64268,56.682
550,20,OSM,0.0014,25,True,optimal,0.1999,1487.595696,1487.767122,138.942
551,30,OSM,0.0415,1272,True,optimal,6.3902,1004.137395,1005.123661,153.873
552,30,OSM,0.0101,315,True,optimal,1.0555,749.840901,750.41295,104.773
553,40,OSM,0.3201,3002,True,optimal,17.4623,805.580624,806.382473,54.55
554,40,OSM,0.3511,1225,True,optimal,4.6385,1435.940897,1437.264428,13.213
555,50,OSM,0.1155,2308,True,optimal,15.7373,2270.48465,2272.751398,136.235
556,50,OSM,0.3109,10399,True,optimal,76.2848,1502.683004,1504.180464,245.329
557,60,OSM,6.091,128258,True,optimal,5039.6376,1471.023649,1472.49461,827.385
558,60,OSM,60.7914,640099,True,open,,744.435623,1365.14475,
