case,polygons,source,ours_seconds,ours_calls,ours_gap_closed,fekete_status,fekete_seconds,fekete_lb,fekete_ub,fekete_over_ours
1,48,tessellation,1.17352,7604,True,optimal,61.3583,19153.785923,19172.657006,52.2857
2,5,OSM,0.000303202,1,True,optimal,0.0031,204.104085,204.104088,10.2242
3,5,OSM,0.000133565,1,True,optimal,0.0029,48.676934,48.676935,21.7123
4,10,OSM,0.000264939,5,True,optimal,0.0096,223.502596,223.502614,36.2348
5,10,OSM,0.000205543,5,True,optimal,0.0137,233.317546,233.317591,66.6527
6,15,OSM,0.000432905,10,True,optimal,0.0327,154.069057,154.069063,75.5362
7,15,OSM,0.000674564,18,True,optimal,0.0421,224.210261,224.210271,62.4107
8,20,OSM,0.00176206,78,True,optimal,0.1408,355.420492,355.746094,79.9062
9,20,OSM,0.0018604,79,True,optimal,0.1913,346.691526,346.958913,102.827
10,30,OSM,0.00315144,130,True,optimal,0.5349,414.769149,414.769164,169.732
11,30,OSM,0.00461109,162,True,optimal,0.8306,378.311285,378.606264,180.131
12,40,OSM,0.00466415,156,True,optimal,0.7919,493.136912,493.558091,169.784
13,40,OSM,0.0381764,1519,True,optimal,4.9816,558.798876,559.35258,130.489
14,50,OSM,0.245949,8512,True,optimal,54.7501,818.812985,819.631597,222.607
15,50,OSM,0.0509835,1773,True,optimal,15.239,598.444062,599.023972,298.9
16,60,OSM,1.49371,33627,True,optimal,611.0322,2323.293813,2325.615188,409.071
17,60,OSM,0.349918,10433,True,optimal,130.4565,998.254513,999.252718,372.82
18,5,OSM,0.000134945,1,True,optimal,0.0032,174.749759,174.74976,23.7134
19,5,OSM,0.000144578,4,True,optimal,0.0045,84.858206,84.858232,31.1251
20,10,OSM,0.000236319,4,True,optimal,0.0043,131.926236,131.926257,18.1957
21,10,OSM,0.000336808,7,True,optimal,0.0131,133.56425,133.564335,38.8946
22,16,OSM,0.000656561,24,True,optimal,0.0384,695.105008,695.286666,58.4866
23,15,OSM,0.000760286,25,True,optimal,0.0407,605.036529,605.491864,53.5325
24,20,OSM,0.0008998,19,True,optimal,0.1234,1060.162647,1060.162662,137.142
25,20,OSM,0.00285197,58,True,optimal,0.1182,418.287303,418.287316,41.445
26,30,OSM,0.0487967,2124,True,optimal,14.0237,695.909371,696.572825,287.39
27,30,OSM,0.00241907,73,True,optimal,0.5558,3321.334079,3324.391034,229.758
28,40,OSM,0.193977,7582,True,optimal,76.5415,1444.966509,1446.404885,394.591
29,40,OSM,0.01351,516,True,optimal,1.0764,578.996629,579.538626,79.6744
30,50,OSM,0.152441,4404,True,optimal,31.4161,655.533127,656.188419,206.087
31,50,OSM,0.419007,13295,True,optimal,151.0909,1806.207641,1808.011336,360.593
32,60,OSM,0.196243,6293,True,optimal,54.4509,1705.850981,1707.543136,277.467
33,60,OSM,0.162505,5399,True,optimal,34.6099,892.421082,893.311865,212.977
34,5,OSM,0.000195139,3,True,optimal,0.0027,394.884084,394.884108,13.8363
35,5,OSM,2.7633e-05,0,True,optimal,0.0014,63.483638,63.48364,50.6641
36,10,OSM,0.00260268,41,True,optimal,0.0426,145.629218,145.708068,16.3678
37,10,OSM,0.000277436,5,True,optimal,0.0052,229.741128,229.940637,18.7431
38,15,OSM,0.00408653,44,True,optimal,0.0731,284.264593,284.481718,17.888
39,15,OSM,0.00109127,22,True,optimal,0.029,243.401111,243.401131,26.5745
40,20,OSM,0.000369357,10,True,optimal,0.0141,303.11539,303.115424,38.1744
41,20,OSM,0.0043376,128,True,optimal,0.4727,407.158063,407.558982,108.977
42,30,OSM,0.0655643,1724,True,optimal,12.0533,892.77448,893.666678,183.839
43,30,OSM,0.0045024,71,True,optimal,0.1905,319.560496,319.667915,42.3108
44,40,OSM,0.00432879,62,True,optimal,0.1558,335.865398,335.899229,35.9916
45,40,OSM,0.0177183,451,True,optimal,1.8522,625.55572,625.995888,104.536
46,50,OSM,0.0925017,1354,True,optimal,5.3298,842.469534,843.258597,57.6184
47,50,OSM,0.0919851,2539,True,optimal,15.421,629.269809,629.886063,167.647
48,60,OSM,0.214092,4321,True,optimal,24.4497,2090.285128,2092.360445,114.202
49,60,OSM,0.0729191,1390,True,optimal,5.9645,874.433544,875.305229,81.7961
50,52,tessellation,0.373727,4802,True,optimal,18.6538,4674.487988,4679.100119,49.9129
51,5,OSM,0.000131845,1,True,optimal,0.0023,308.35987,308.359881,17.4447
52,5,OSM,5.1631e-05,0,True,optimal,0.0027,150.814719,150.814735,52.2942
53,10,OSM,0.000162604,1,True,optimal,0.0016,220.561493,220.561494,9.83986
54,10,OSM,0.000973725,19,True,optimal,0.0237,294.860894,294.860965,24.3395
55,15,OSM,0.000854168,25,True,optimal,0.0463,278.464332,278.533992,54.2048
56,15,OSM,0.000694456,17,True,optimal,0.0214,360.229786,360.229809,30.8155
57,20,OSM,0.00434024,139,True,optimal,0.6256,518.51063,518.789933,144.139
58,20,OSM,0.00207428,89,True,optimal,0.2829,658.055505,658.05556,136.385
59,30,OSM,0.0413663,1306,True,optimal,9.0451,953.65576,954.608342,218.659
60,30,OSM,0.0227963,677,True,optimal,4.0817,1008.372446,1009.189493,179.051
61,40,OSM,0.0541259,1058,True,optimal,6.0992,818.789167,819.587413,112.685
62,40,OSM,0.0109441,321,True,optimal,0.5916,748.030004,748.766116,54.0568
63,50,OSM,0.908656,19707,True,optimal,181.752,1272.839175,1274.108297,200.023
64,50,OSM,4.54497,109395,True,optimal,4090.3231,1684.385065,1686.068974,899.967
65,60,OSM,77.1339,1469086,True,open,,1032.934207,1399.471367,
66,60,OSM,80.0086,1482445,True,open,,1278.580044,1947.385915,
67,5,OSM,0.000122025,2,True,optimal,0.0018,161.392229,161.392232,14.7511
68,5,OSM,0.000141976,1,True,optimal,0.002,80.264426,80.264429,14.0869
69,10,OSM,0.000615735,23,True,optimal,0.0548,472.921936,473.085337,88.9993
70,6,OSM,0.000111182,2,True,optimal,0.0027,141.427665,141.427677,24.2845
71,15,OSM,0.00208739,37,True,optimal,0.0573,477.134244,477.37738,27.4505
72,15,OSM,0.000645613,11,True,optimal,0.0093,203.663046,203.663051,14.4049
73,20,OSM,0.00224491,88,True,optimal,0.1495,747.391488,747.811509,66.5952
74,20,OSM,0.00744168,225,True,optimal,0.1427,387.722464,388.107045,19.1758
75,30,OSM,0.00257132,133,True,optimal,0.2806,1777.520846,1778.32383,109.127
76,30,OSM,0.00696557,216,True,optimal,0.3605,704.556589,705.222752,51.7546
77,40,OSM,0.0161035,467,True,optimal,1.0883,542.89401,543.427352,67.5817
78,40,OSM,4.10358,124485,True,optimal,4462.0333,2951.584717,2954.536074,1087.35
79,50,OSM,0.0100561,201,True,optimal,0.62,571.168207,571.473491,61.6542
80,50,OSM,0.0928508,1332,True,optimal,6.6605,649.733806,650.32356,71.7334
81,60,OSM,0.593284,7241,True,optimal,87.4675,946.208335,947.150944,147.429
82,60,OSM,0.023019,518,True,optimal,1.9152,591.458374,591.975112,83.201
83,14,tessellation,0.00118311,19,True,optimal,0.0173,18.199388,18.199384,14.6225
84,5,OSM,0.00018324,2,True,optimal,0.0048,81.63307,81.633073,26.1952
85,5,OSM,0.000162175,2,True,optimal,0.0049,94.646994,94.646994,30.2143
86,10,OSM,0.000432446,8,True,optimal,0.0232,1499.927051,1499.927071,53.6483
87,10,OSM,0.000191496,5,True,optimal,0.0062,123.847768,123.847774,32.3767
88,15,OSM,0.00088575,18,True,optimal,0.0527,261.774426,261.774453,59.4976
89,15,OSM,0.000485971,15,True,optimal,0.0425,361.812443,361.812456,87.4538
90,20,OSM,0.00200018,94,True,optimal,0.3563,501.658144,501.983868,178.134
91,20,OSM,0.0018391,64,True,optimal,0.1649,541.823496,542.245552,89.6636
92,30,OSM,0.00713146,185,True,optimal,1.3421,1011.377482,1012.295737,188.194
93,30,OSM,0.0166946,451,True,optimal,2.8363,597.216447,597.776126,169.894
94,40,OSM,0.00653837,165,True,optimal,2.1566,2119.910421,2121.5575,329.837
95,40,OSM,0.0133574,351,True,optimal,1.306,602.717235,603.277324,97.7739
96,50,OSM,2.37368,50881,True,optimal,1394.7963,997.741756,998.739216,587.61
97,50,OSM,3.18049,66939,True,optimal,1290.6538,935.235377,936.170315,405.804
98,60,OSM,9.46884,171460,True,optimal,8712.1774,1651.068946,1652.719971,920.09
99,60,OSM,8.00316,201904,True,optimal,7415.6788,1357.624497,1358.981775,926.594
100,5,OSM,8.3211e-05,0,True,optimal,0.0022,113.203017,113.20302,26.4388
101,5,OSM,3.6924e-05,0,True,optimal,0.0026,54.766488,54.766502,70.4149
102,10,OSM,0.000157255,2,True,optimal,0.0028,140.600131,140.600132,17.8055
103,10,OSM,0.00027035,9,True,optimal,0.0156,214.683379,214.683438,57.703
104,15,OSM,0.0010579,47,True,optimal,0.1337,380.454208,380.454219,126.382
105,15,OSM,0.000451384,6,True,optimal,0.0139,456.676932,456.676947,30.7942
106,20,OSM,0.000833435,25,True,optimal,0.0322,277.558808,277.558856,38.6353
107,20,OSM,0.000780573,22,True,optimal,0.083,333.844002,333.844056,106.332
108,30,OSM,0.00813735,306,True,optimal,1.682,1563.113205,1564.67107,206.701
109,30,OSM,0.0144582,625,True,optimal,2.0215,526.684838,527.203208,139.817
110,40,OSM,0.0428703,1494,True,optimal,3.8886,525.563545,526.055832,90.7062
111,40,OSM,0.05197,1928,True,optimal,8.4661,536.022665,536.550824,162.904
112,50,OSM,1.12236,35704,True,optimal,355.6745,1351.194855,1352.545779,316.898
113,50,OSM,0.161465,4040,True,optimal,43.7381,824.978959,825.799977,270.883
114,60,OSM,0.827077,20965,True,optimal,320.0739,1050.505806,1051.554744,386.994
115,60,OSM,0.432037,12565,True,optimal,93.7578,891.25971,892.15094,217.013
116,5,OSM,0.000231097,2,True,optimal,0.0032,99.434687,99.434689,13.847
117,5,OSM,0.000182581,4,True,optimal,0.0027,130.808185,130.808197,14.788
118,10,OSM,0.000403028,8,True,optimal,0.0149,210.210446,210.210485,36.9701
119,9,OSM,0.00023533,8,True,optimal,0.014,337.695633,337.695635,59.4909
120,15,OSM,0.000774268,15,True,optimal,0.0353,457.213262,457.213278,45.5914
121,15,OSM,0.000590166,17,True,optimal,0.0225,221.525528,221.525534,38.1249
122,20,OSM,0.00061196,18,True,optimal,0.0659,541.312754,541.312771,107.687
123,20,OSM,0.00369798,138,True,optimal,0.5704,391.552637,391.552662,154.246
124,30,OSM,1.47466,18027,True,optimal,136.0594,314.32628,314.640325,92.2652
125,30,OSM,0.00341995,125,True,optimal,0.683,694.963693,694.963711,199.71
126,40,OSM,0.0307357,818,True,optimal,4.6832,714.34196,715.039011,152.37
127,40,OSM,0.0124391,362,True,optimal,2.3971,1056.536207,1057.53017,192.706
128,50,OSM,0.053727,572,True,optimal,3.5545,1486.217423,1487.639917,66.1585
129,50,OSM,0.247671,6622,True,optimal,48.5199,1000.371637,1001.371088,195.905
130,60,OSM,977.769,9585541,True,open,,802.040142,1075.467613,
131,60,OSM,22.5615,460576,True,optimal,41347.2218,2716.843642,2719.560461,1832.64
132,51,tessellation,0.174411,2501,True,optimal,6.4594,224.912308,225.134256,37.0356
133,10,tessellation,0.000550958,9,True,optimal,0.0063,13753.686361,13753.686369,11.4346
134,15,tessellation,0.000364157,11,True,optimal,0.006,14923.314078,14923.31408,16.4764
135,20,tessellation,0.00200406,42,True,optimal,0.0555,20577.473026,20597.920718,27.6938
136,25,tessellation,0.00850907,87,True,optimal,0.0787,22783.3732,22791.438473,9.24896
137,30,tessellation,0.00244583,49,True,optimal,0.0542,23005.316313,23016.041864,22.1602
138,35,tessellation,0.0042109,71,True,optimal,0.0894,25801.309837,25801.309856,21.2306
139,40,tessellation,0.0257676,370,True,optimal,0.718,24161.747032,24181.977823,27.8644
140,45,tessellation,0.0665264,1182,True,optimal,2.4153,27540.578852,27567.057903,36.3059
141,50,tessellation,2.09558,18203,True,optimal,74.7067,33077.466962,33110.403399,35.6496
142,60,tessellation,1.85228,12157,True,optimal,63.2487,34608.974567,34643.546099,34.1465
143,4,OSM,0.00011945,1,True,optimal,0.0025,55.469555,55.469569,20.9293
144,5,OSM,0.000127195,3,True,optimal,0.0031,398.803446,398.803451,24.372
145,10,OSM,0.000237595,8,True,optimal,0.0056,225.845414,225.845435,23.5695
146,10,OSM,0.000307058,6,True,optimal,0.0074,262.650307,262.650317,24.0997
147,15,OSM,0.00110722,51,True,optimal,0.0869,276.244069,276.477772,78.4849
148,15,OSM,0.000714312,21,True,optimal,0.029,785.00646,785.398613,40.5985
149,20,OSM,0.00362342,138,True,optimal,0.1273,243.964809,244.008305,35.1325
150,20,OSM,0.00125395,36,True,optimal,0.0499,1124.90374,1125.908639,39.7942
151,30,OSM,0.00433557,109,True,optimal,0.245,439.014395,439.191294,56.5092
152,30,OSM,0.00383978,129,True,optimal,0.3641,373.889818,374.195598,94.8231
153,40,OSM,0.114423,3314,True,optimal,16.2747,724.957918,725.675195,142.233
154,40,OSM,0.0132144,375,True,optimal,2.4348,924.866226,925.752971,184.253
155,50,OSM,0.0732554,1960,True,optimal,8.167,718.821756,719.515283,111.487
156,50,OSM,0.293021,7686,True,optimal,57.8104,760.439129,761.196809,197.291
157,59,OSM,5.12333,66699,True,optimal,1410.2545,4473.02055,4477.492046,275.261
158,60,OSM,0.519689,11579,True,optimal,114.1506,792.906845,793.694913,219.652
159,5,OSM,0.000125114,3,True,optimal,0.0029,82.153254,82.153255,23.1789
160,5,OSM,0.000238944,8,True,optimal,0.0061,740.216066,740.216113,25.529
161,10,OSM,0.00069172,16,True,optimal,0.019,263.237033,263.237051,27.4678
162,10,OSM,0.000264712,12,True,optimal,0.0093,152.273733,152.273798,35.1325
163,15,OSM,0.000758645,42,True,optimal,0.0656,706.509533,706.509562,86.47
164,15,OSM,0.000399077,10,True,optimal,0.0067,133.131539,133.13158,16.7887
165,20,OSM,0.00199857,109,True,optimal,0.2935,506.80937,507.097665,146.855
166,20,OSM,0.00130039,54,True,optimal,0.067,400.403061,400.754833,51.5231
167,30,OSM,0.00246687,131,True,optimal,0.1899,401.010647,401.346308,76.9802
168,30,OSM,0.00601249,254,True,optimal,0.4377,619.467811,619.989776,72.7985
169,40,OSM,0.00851654,259,True,optimal,0.6559,457.167718,457.611151,77.0148
170,40,OSM,0.0276971,1021,True,optimal,3.7549,480.426732,480.89911,135.57
171,50,OSM,0.391263,14328,True,optimal,112.8751,1023.300409,1024.322384,288.489
172,50,OSM,0.272554,9288,True,optimal,56.8097,703.520825,704.224326,208.435
173,60,OSM,0.180089,7635,True,optimal,47.3562,874.969166,875.838344,262.959
174,60,OSM,8.51929,324142,True,optimal,19612.3639,760.854134,761.614943,2302.11
175,5,OSM,6.2084e-05,0,True,optimal,0.0022,94.018437,94.018445,35.4359
176,5,OSM,2.6013e-05,0,True,optimal,0.0016,47.458521,47.458523,61.5077
177,10,OSM,0.000182478,2,True,optimal,0.0023,72.690414,72.69042,12.6043
178,10,OSM,0.000505638,15,True,optimal,0.0073,103.529885,103.52991,14.4372
179,15,OSM,0.000316228,10,True,optimal,0.0099,115.102952,115.102964,31.3065
180,15,OSM,0.000807287,21,True,optimal,0.0337,213.890199,213.890224,41.7448
181,20,OSM,0.000874081,29,True,optimal,0.0208,195.403112,195.403115,23.7964
182,20,OSM,0.0103954,243,True,optimal,0.4841,189.867485,190.000502,46.5688
183,30,OSM,0.00293123,91,True,optimal,0.1345,543.091536,543.493849,45.8852
184,30,OSM,0.00706925,291,True,optimal,0.9106,743.949189,744.64267,128.811
185,40,OSM,0.12828,1883,True,optimal,8.5319,189.895033,190.074726,66.5102
186,40,OSM,0.024769,954,True,optimal,4.0308,782.776011,783.544678,162.736
187,50,OSM,0.0103196,253,True,optimal,0.3814,548.89549,549.141366,36.959
188,50,OSM,0.101047,4313,True,optimal,21.065,834.92184,835.752721,208.467
189,60,OSM,11.9394,113197,True,optimal,2160.9833,473.700221,474.173896,180.996
190,60,OSM,0.261477,3108,True,optimal,14.1078,822.530851,823.344503,53.9543
191,4,OSM,2.9878e-05,0,True,optimal,0.0019,89.093544,89.093544,63.5919
192,5,OSM,0.000137606,1,True,optimal,0.0027,77.685038,77.685072,19.6212
193,10,OSM,0.00022649,9,True,optimal,0.0047,135.910792,136.014085,20.7515
194,10,OSM,0.000323425,6,True,optimal,0.0039,155.220948,155.220954,12.0584
195,15,OSM,0.00122969,39,True,optimal,0.0514,299.436282,299.600282,41.7992
196,15,OSM,0.000780722,18,True,optimal,0.035,199.456172,199.456194,44.8303
197,20,OSM,0.000989957,25,True,optimal,0.1143,395.313842,395.313855,115.46
198,20,OSM,0.00155167,59,True,optimal,0.0933,380.958587,380.958629,60.1287
199,30,OSM,0.00177915,64,True,optimal,0.3303,517.066555,517.345093,185.65
200,30,OSM,0.011876,410,True,optimal,0.8505,428.243129,428.628436,71.6149
201,40,OSM,0.0194044,793,True,optimal,2.8148,598.447758,599.030899,145.06
202,40,OSM,0.0668139,2647,True,optimal,11.0556,616.464651,617.07594,165.469
203,50,OSM,1.16664,47466,True,optimal,801.0989,1453.659148,1455.112592,686.674
204,50,OSM,0.152841,4846,True,optimal,21.2229,770.662773,771.418545,138.856
205,60,OSM,0.763172,21561,True,optimal,189.1513,928.731148,929.65849,247.849
206,60,OSM,1.61681,62107,True,optimal,1027.1461,1264.426838,1265.691243,635.293
207,10,tessellation,0.000326896,4,True,optimal,0.006,26213.813144,26233.557466,18.3545
208,15,tessellation,0.000552208,18,True,optimal,0.0129,29436.178244,29436.178245,23.3608
209,20,tessellation,0.00487898,81,True,optimal,0.0743,43479.558844,43521.972188,15.2286
210,25,tessellation,0.00744423,138,True,optimal,0.1533,52304.774366,52304.774406,20.5931
211,30,tessellation,0.00710264,152,True,optimal,0.1507,45012.001702,45030.87914,21.2175
212,35,tessellation,0.0134577,167,True,optimal,0.1666,57418.925898,57456.116851,12.3796
213,40,tessellation,0.124725,1203,True,optimal,2.8668,59567.469325,59621.40781,22.9849
214,45,tessellation,0.617427,6661,True,optimal,29.1465,68463.556969,68530.141807,47.2064
215,50,tessellation,0.885361,6276,True,optimal,11.8393,60377.75319,60438.079425,13.3723
216,60,tessellation,15.1809,123658,True,optimal,1597.8258,74103.712399,74177.803168,105.252
217,4,OSM,0.000185733,2,True,optimal,0.0029,97.755391,97.755406,15.6138
218,5,OSM,0.000166429,1,True,optimal,0.0023,74.094527,74.094542,13.8197
219,10,OSM,0.000209567,1,True,optimal,0.0037,169.135053,169.135073,17.6555
220,10,OSM,0.000640316,11,True,optimal,0.0168,208.572746,208.572802,26.237
221,15,OSM,0.00144772,40,True,optimal,0.0521,368.733725,368.736051,35.9877
222,15,OSM,0.000771014,39,True,optimal,0.0408,247.367598,247.367635,52.9173
223,20,OSM,0.00209182,44,True,optimal,0.0759,354.777088,354.777129,36.2842
224,20,OSM,0.00102147,43,True,optimal,0.1209,472.979407,473.264571,118.358
225,30,OSM,0.0201458,323,True,optimal,0.6958,749.016697,749.658307,34.5381
226,30,OSM,0.00167019,39,True,optimal,0.1465,593.368525,593.711419,87.7148
227,40,OSM,0.0366919,832,True,optimal,3.0252,496.908141,497.395202,82.4488
228,40,OSM,0.0448391,1326,True,optimal,6.1092,611.569476,612.128035,136.247
229,50,OSM,0.529878,12342,True,optimal,96.4651,715.344256,716.05738,182.052
230,50,OSM,0.303541,7790,True,optimal,64.8637,882.028566,882.910035,213.69
231,60,OSM,24.813,371528,True,optimal,49896.1724,1021.312234,1022.333544,2010.89
232,60,OSM,0.896041,11847,True,optimal,91.7696,1484.800506,1486.284726,102.417
233,5,OSM,0.000191274,3,True,optimal,0.0041,113.850393,113.850399,21.4352
234,4,OSM,0.000147982,1,True,optimal,0.0021,320.916153,320.916156,14.1909
235,10,OSM,0.00101305,26,True,optimal,0.0208,279.947966,279.948028,20.532
236,10,OSM,0.000367551,13,True,optimal,0.0146,441.425768,441.534778,39.7224
237,15,OSM,0.000490462,21,True,optimal,0.031,768.250941,768.313772,63.2057
238,15,OSM,0.00107172,36,True,optimal,0.0648,343.966175,343.96627,60.4634
239,20,OSM,0.000525562,6,True,optimal,0.006,210.185025,210.185038,11.4164
240,20,OSM,0.000941166,21,True,optimal,0.0385,595.087187,595.087256,40.9067
241,30,OSM,0.00837198,334,True,optimal,1.1892,847.035263,847.863099,142.045
242,30,OSM,0.00994206,396,True,optimal,0.9945,738.303781,739.030613,100.03
243,40,OSM,0.128782,3664,True,optimal,20.782,1068.217125,1069.255235,161.374
244,40,OSM,0.0609748,1630,True,optimal,7.4496,1632.715078,1634.109096,122.175
245,50,OSM,1.51734,42450,True,optimal,614.2057,1162.928712,1164.091226,404.792
246,50,OSM,0.484879,12161,True,optimal,156.6761,1289.698543,1290.985516,323.124
247,60,OSM,4.405,96438,True,optimal,3301.5339,1054.476901,1055.531291,749.497
248,60,OSM,10.3813,213340,True,optimal,12794.2607,2281.195588,2283.476716,1232.44
249,5,OSM,0.000145719,1,True,optimal,0.0034,88.685849,88.685853,23.3326
250,5,OSM,0.000162002,2,True,optimal,0.0049,144.274175,144.274178,30.2465
251,10,OSM,0.0010658,27,True,optimal,0.0406,232.661768,232.661772,38.0936
252,10,OSM,0.000417674,10,True,optimal,0.0194,1163.974046,1163.974047,46.4477
253,15,OSM,0.000653065,16,True,optimal,0.0419,514.637076,514.637081,64.159
254,15,OSM,0.000504264,17,True,optimal,0.0879,266.849322,266.849354,174.313
255,20,OSM,0.00192004,49,True,optimal,0.1506,437.182561,437.182572,78.4357
256,20,OSM,0.00154565,68,True,optimal,0.2389,511.836511,512.242046,154.563
257,30,OSM,0.00590392,190,True,optimal,1.3672,492.535623,493.0222,231.575
258,30,OSM,0.0126308,543,True,optimal,2.5761,639.409159,639.938719,203.953
259,40,OSM,0.0583455,2116,True,optimal,11.9047,726.759457,727.48474,204.038
260,40,OSM,0.0172064,538,True,optimal,3.0513,710.288362,710.997249,177.335
261,50,OSM,0.99072,27475,True,optimal,467.3517,1305.208024,1306.512381,471.729
262,50,OSM,1.63102,37806,True,optimal,553.9688,757.909336,758.667111,339.646
263,60,OSM,2.28133,58256,True,optimal,1232.4923,1381.540602,1382.922136,540.252
264,60,OSM,0.13591,6196,True,optimal,60.8167,1280.709533,1281.980423,447.479
265,5,random,0.000155953,2,True,optimal,0.0052,83.293871,83.29391,33.3434
266,5,random,0.00040374,10,True,optimal,0.0123,42.916089,42.916097,30.4652
267,5,random,0.000138459,2,True,optimal,0.0053,66.325118,66.32512,38.2785
268,5,random,0.000178963,4,True,optimal,0.0072,81.999321,81.999324,40.2318
269,5,random,0.00042786,13,True,optimal,0.0182,90.083564,90.083626,42.5373
270,5,random,0.000174668,4,True,optimal,0.012,100.025411,100.025417,68.7018
271,5,random,0.000212493,7,True,optimal,0.0093,74.59439,74.594418,43.7661
272,5,random,0.000171997,3,True,optimal,0.0076,63.777743,63.777746,44.1868
273,5,random,0.000142576,2,True,optimal,0.0029,43.604366,43.604368,20.34
274,5,random,0.000204849,6,True,optimal,0.013,73.696555,73.696571,63.4614
275,5,random,0.000193972,4,True,optimal,0.0059,66.819329,66.819354,30.4168
276,5,random,0.000198223,6,True,optimal,0.0071,77.052914,77.052926,35.8182
277,5,random,0.000173472,3,True,optimal,0.0046,69.390304,69.390382,26.5172
278,5,random,0.000180743,3,True,optimal,0.0102,79.659643,79.659659,56.4337
279,5,random,0.000158788,2,True,optimal,0.0092,68.98402,68.984024,57.9389
280,5,random,0.000169979,3,True,optimal,0.0069,46.240094,46.240109,40.5932
281,5,random,0.000126999,1,True,optimal,0.0038,46.571194,46.571204,29.9215
282,5,random,0.000242666,5,True,optimal,0.0065,44.770199,44.770204,26.7858
283,5,random,0.000181595,4,True,optimal,0.0076,80.21682,80.216826,41.8514
284,5,random,0.000244551,10,True,optimal,0.0138,89.463235,89.463243,56.4299
285,10,random,0.00054459,24,True,optimal,0.0571,111.47716,111.477175,104.85
286,10,random,0.000728541,28,True,optimal,0.0594,102.861526,102.912281,81.5328
287,10,random,0.0005562,17,True,optimal,0.0239,91.247107,91.247124,42.9702
288,9,random,0.000251765,4,True,optimal,0.011,82.237935,82.237943,43.6915
289,10,random,0.000758501,20,True,optimal,0.0226,96.525425,96.535367,29.7956
290,10,random,0.000639244,19,True,optimal,0.0157,88.427451,88.43598,24.5603
291,10,random,0.000587668,18,True,optimal,0.0224,109.256588,109.256596,38.1168
292,10,random,0.000709626,26,True,optimal,0.0298,101.532834,101.532874,41.994
293,10,random,0.000383952,12,True,optimal,0.0153,89.009071,89.009089,39.8487
294,10,random,0.0003517,10,True,optimal,0.0104,110.591773,110.591783,29.5707
295,10,random,0.0003163,7,True,optimal,0.0091,77.718215,77.718223,28.7702
296,10,random,0.000646814,23,True,optimal,0.029,123.860704,123.860718,44.8351
297,10,random,0.000759224,20,True,optimal,0.0302,92.602223,92.687365,39.7775
298,10,random,0.000464796,14,True,optimal,0.0155,118.998001,118.998015,33.348
299,10,random,0.000892173,22,True,optimal,0.0243,85.07537,85.075417,27.2369
300,10,random,0.000673649,20,True,optimal,0.0281,83.33141,83.331455,41.7131
301,10,random,0.00037869,11,True,optimal,0.0139,106.301047,106.301067,36.7055
302,10,random,0.000364032,8,True,optimal,0.0117,102.960157,102.970878,32.14
303,10,random,0.000382643,13,True,optimal,0.0133,81.96878,81.968839,34.7582
304,10,random,0.000451265,12,True,optimal,0.0187,113.866498,113.866547,41.4391
305,15,random,0.00166207,46,True,optimal,0.061,104.637645,104.637647,36.7012
306,15,random,0.000642801,13,True,optimal,0.0295,116.084989,116.085017,45.8929
307,15,random,0.000866753,18,True,optimal,0.0436,89.887472,89.887465,50.3027
308,15,random,0.000859974,30,True,optimal,0.0329,124.80469,124.804705,38.257
309,14,random,0.00108551,36,True,optimal,0.0914,109.554391,109.655894,84.2002
310,15,random,0.00184297,58,True,optimal,0.0946,89.192913,89.192938,51.3303
311,15,random,0.00174802,70,True,optimal,0.106,111.372016,111.429201,60.6402
312,15,random,0.000661584,19,True,optimal,0.0737,111.238778,111.238779,111.399
313,15,random,0.00251318,57,True,optimal,0.07,108.277761,108.282462,27.8532
314,15,random,0.000557177,13,True,optimal,0.0258,116.521338,116.521351,46.3049
315,15,random,0.000693268,24,True,optimal,0.0426,97.744901,97.744949,61.4481
316,15,random,0.000762759,22,True,optimal,0.0458,94.945139,94.948962,60.0452
317,15,random,0.00272745,76,True,optimal,0.1514,121.957937,122.066317,55.5096
318,15,random,0.00170528,35,True,optimal,0.0631,118.56714,118.632148,37.0028
319,15,random,0.00203157,65,True,optimal,0.0641,108.663855,108.688572,31.5519
320,15,random,0.00103707,31,True,optimal,0.0656,100.6158,100.615811,63.2548
321,15,random,0.00131978,38,True,optimal,0.0486,113.678614,113.678652,36.8244
322,15,random,0.00150119,35,True,optimal,0.0814,128.628142,128.690043,54.2235
323,15,random,0.00166286,59,True,optimal,0.1024,122.705597,122.7056,61.5808
324,15,random,0.000550513,11,True,optimal,0.0189,107.93149,107.931494,34.3316
325,20,random,0.00545739,134,True,optimal,0.295,128.960783,129.088283,54.0552
326,20,random,0.00143371,48,True,optimal,0.1328,144.673254,144.68716,92.627
327,20,random,0.00212242,63,True,optimal,0.1051,136.869988,136.937438,49.519
328,20,random,0.00482539,130,True,optimal,0.192,144.075438,144.193785,39.7895
329,20,random,0.00161022,70,True,optimal,0.1516,107.672963,107.672963,94.1484
330,20,random,0.00347945,64,True,optimal,0.1184,125.924069,126.020225,34.0284
331,20,random,0.00324567,79,True,optimal,0.1538,132.03215,132.067716,47.3862
332,19,random,0.00214563,94,True,optimal,0.2272,127.999138,128.105907,105.89
333,19,random,0.00138538,42,True,optimal,0.0602,112.068686,112.10744,43.4539
334,19,random,0.00134433,49,True,optimal,0.1177,126.94684,126.996914,87.5531
335,19,random,0.00243095,87,True,optimal,0.2815,106.662234,106.746647,115.798
336,20,random,0.0014419,34,True,optimal,0.1351,129.446166,129.456835,93.6956
337,20,random,0.00352876,132,True,optimal,0.3555,136.938359,137.025053,100.744
338,19,random,0.00107622,36,True,optimal,0.0683,137.175179,137.257891,63.4631
339,20,random,0.00469323,128,True,optimal,0.2974,134.942571,134.942602,63.3679
340,20,random,0.00406076,155,True,optimal,0.4353,120.472702,120.584363,107.197
341,19,random,0.000925128,27,True,optimal,0.1735,142.874231,142.921583,187.542
342,20,random,0.00401602,130,True,optimal,0.3286,144.812413,144.880513,81.8223
343,20,random,0.00276924,107,True,optimal,0.2037,109.007194,109.109795,73.558
344,20,random,0.00619768,125,True,optimal,0.2276,102.294548,102.391443,36.7234
345,30,random,0.00769658,240,True,optimal,0.6482,148.289461,148.421789,84.2193
346,30,random,0.0100806,226,True,optimal,0.403,126.811471,126.905583,39.9779
347,29,random,0.0140727,241,True,optimal,0.9,149.309225,149.450759,63.9536
348,30,random,0.00326658,103,True,optimal,0.2337,124.549827,124.563951,71.5428
349,30,random,0.0578023,1631,True,optimal,4.6251,145.320073,145.464508,80.0158
350,30,random,0.0109401,345,True,optimal,1.008,154.224191,154.369789,92.138
351,30,random,0.00495602,98,True,optimal,0.4162,147.551286,147.698242,83.9787
352,29,random,0.0232651,625,True,optimal,1.6452,144.8915,145.005796,70.7154
353,30,random,0.00610586,313,True,optimal,0.9996,147.198239,147.325,163.712
354,28,random,0.0153926,262,True,optimal,0.6109,148.56986,148.712822,39.6879
355,30,random,0.00592726,242,True,optimal,0.7376,154.729987,154.869861,124.442
356,30,random,0.0175123,347,True,optimal,0.9523,147.717094,147.751791,54.3789
357,30,random,0.00803272,244,True,optimal,0.6847,139.730255,139.846634,85.2389
358,30,random,0.0222231,494,True,optimal,1.5739,133.248442,133.373146,70.8229
359,30,random,0.0128853,518,True,optimal,1.3707,143.512746,143.652652,106.377
360,30,random,0.00427959,117,True,optimal,0.3653,145.790431,145.895848,85.3585
361,30,random,0.0187627,466,True,optimal,1.4629,138.629832,138.740629,77.9687
362,30,random,0.00685864,113,True,optimal,0.2605,150.493632,150.579401,37.9813
363,29,random,0.00559123,163,True,optimal,0.5395,146.748879,146.854546,96.4904
364,30,random,0.0135271,213,True,optimal,0.4716,129.984278,130.004845,34.8634
365,40,random,0.042526,744,True,optimal,2.9026,151.723843,151.874731,68.2548
366,40,random,0.121981,1895,True,optimal,7.3461,158.772214,158.929386,60.2232
367,39,random,0.147127,2026,True,optimal,6.3052,143.898526,144.017673,42.8554
368,40,random,0.0315915,411,True,optimal,1.1476,149.091128,149.23016,36.3263
369,38,random,0.180481,3755,True,optimal,20.4321,163.165281,163.328398,113.209
370,38,random,0.0246766,505,True,optimal,1.5599,142.337665,142.475901,63.2137
371,39,random,0.00736752,150,True,optimal,0.3396,146.48791,146.542782,46.0942
372,39,random,0.0606715,1302,True,optimal,6.2012,151.27082,151.421864,102.21
373,39,random,0.0594576,1637,True,optimal,6.5698,154.815843,154.970551,110.495
374,38,random,0.0208215,275,True,optimal,1.6629,155.849117,156.004174,79.8646
375,39,random,0.0275665,308,True,optimal,1.335,149.376033,149.475852,48.4283
376,37,random,0.0215795,416,True,optimal,1.367,160.846728,160.993892,63.3472
377,39,random,0.0156072,272,True,optimal,0.9548,149.168055,149.281519,61.1767
378,40,random,0.0570124,970,True,optimal,2.9955,156.279536,156.433531,52.5412
379,39,random,0.0319001,388,True,optimal,0.9442,149.296985,149.443866,29.5986
380,40,random,0.0240025,451,True,optimal,1.2423,156.74977,156.892752,51.7571
381,40,random,0.024614,434,True,optimal,1.0907,160.309863,160.452083,44.3121
382,40,random,0.0463499,962,True,optimal,2.9494,163.360596,163.493092,63.6333
383,39,random,0.0174779,321,True,optimal,0.8903,147.475604,147.603083,50.9385
384,39,random,0.0305114,887,True,optimal,3.401,165.494419,165.651257,111.467
385,48,random,0.190677,3160,True,optimal,24.8295,164.143651,164.301865,130.217
386,50,random,0.117185,1180,True,optimal,5.5972,165.844455,165.99494,47.7639
387,48,random,0.134428,3124,True,optimal,18.68,167.567751,167.735167,138.959
388,47,random,0.0270688,713,True,optimal,3.6367,164.473015,164.636549,134.35
389,50,random,0.511772,8082,True,optimal,47.5242,169.081614,169.250075,92.862
390,49,random,0.0862785,2148,True,optimal,14.986,166.842315,167.008106,173.693
391,50,random,0.378631,4725,True,optimal,35.6801,161.521796,161.682554,94.2345
392,48,random,0.177792,5705,True,optimal,42.564,178.28789,178.466,239.404
393,46,random,0.0327937,803,True,optimal,3.3332,151.63999,151.784436,101.641
394,49,random,0.133163,2498,True,optimal,15.3485,168.013862,168.181818,115.261
395,49,random,1.01454,13092,True,optimal,111.3793,173.865637,174.039095,109.784
396,49,random,0.0675262,1167,True,optimal,7.0519,166.406974,166.57034,104.432
397,49,random,0.199473,2891,True,optimal,30.0951,172.479126,172.650561,150.873
398,48,random,0.133409,1925,True,optimal,10.5253,164.41664,164.574275,78.8947
399,49,random,0.198101,3076,True,optimal,21.5734,158.715859,158.874095,108.901
400,50,random,0.0726153,1019,True,optimal,3.519,157.482695,157.630159,48.4609
401,50,random,0.0736105,948,True,optimal,5.9082,166.187,166.340843,80.263
402,48,random,0.0584744,1720,True,optimal,12.1773,157.993039,158.138942,208.25
403,50,random,0.183238,2927,True,optimal,18.403,160.086658,160.246613,100.432
404,49,random,0.393888,4672,True,optimal,23.7228,173.122493,173.293418,60.2273
405,60,random,0.930494,15256,True,optimal,113.3071,180.594274,180.774477,121.771
406,59,random,0.290731,5376,True,optimal,33.2637,180.430073,180.610361,114.414
407,60,random,0.264135,4107,True,optimal,21.4912,164.519433,164.678153,81.3643
408,58,random,0.140513,2442,True,optimal,12.1628,178.099887,178.277164,86.5602
409,56,random,0.35977,4566,True,optimal,20.1764,174.344966,174.509257,56.0815
410,58,random,0.264026,6196,True,optimal,37.2245,168.754631,168.923268,140.988
411,59,random,0.978643,22240,True,optimal,202.3733,180.098609,180.27862,206.79
412,57,random,2.74873,30644,True,optimal,359.8696,179.231098,179.410186,130.922
413,59,random,0.336227,5292,True,optimal,29.1171,185.364018,185.549324,86.5994
414,58,random,0.18936,3356,True,optimal,18.132,163.353973,163.516914,95.7542
415,59,random,0.723141,14057,True,optimal,107.9442,178.824511,179.002791,149.271
416,60,random,0.36601,6535,True,optimal,46.8285,163.78462,163.945928,127.943
417,59,random,1.51992,17048,True,optimal,217.5252,175.644108,175.819402,143.116
418,59,random,20.8817,274878,True,optimal,17977.5709,178.513464,178.691974,860.923
419,59,random,1.59552,20775,True,optimal,233.3914,173.961309,174.134939,146.279
420,60,random,44.8622,399390,True,optimal,24631.4930,187.458694,187.646132,549.048
421,58,random,0.390525,11346,True,optimal,72.9013,177.819963,177.996882,186.675
422,58,random,4.07963,80287,True,optimal,2174.3988,179.322411,179.501728,532.989
423,59,random,1.41859,18385,True,optimal,151.3525,181.029359,181.209709,106.693
424,56,random,0.428711,6807,True,optimal,79.2304,170.503068,170.673498,184.811
425,4,OSM,0.000143869,1,True,optimal,0.0021,102.627231,102.627233,14.5966
426,4,OSM,3.4947e-05,0,True,optimal,0.0015,54.809502,54.809504,42.9221
427,10,OSM,0.00066621,10,True,optimal,0.0065,155.402466,155.402514,9.75668
428,10,OSM,0.000284458,7,True,optimal,0.0046,156.222042,156.222049,16.1711
429,15,OSM,0.00048717,10,True,optimal,0.0063,284.989137,284.989179,12.9318
430,15,OSM,0.00053922,5,True,optimal,0.0071,196.866128,196.866136,13.1672
431,20,OSM,0.00113714,27,True,optimal,0.0207,448.986688,448.986706,18.2035
432,20,OSM,0.0014918,31,True,optimal,0.0409,248.861732,248.861735,27.4166
433,30,OSM,0.0047789,61,True,optimal,0.3361,920.759115,921.15122,70.3299
434,30,OSM,0.0235983,284,True,optimal,1.1177,463.403389,463.844987,47.3635
435,40,OSM,0.0197925,418,True,optimal,1.0619,643.605923,643.941592,53.6517
436,39,OSM,0.0350138,676,True,optimal,2.871,546.972721,547.502334,81.9963
437,50,OSM,0.034122,372,True,optimal,1.0025,422.851939,423.267954,29.3798
438,50,OSM,0.0272769,628,True,optimal,2.7025,1165.744357,1166.876782,99.0764
439,59,OSM,0.752011,9893,True,optimal,66.0979,836.92588,837.76095,87.8948
440,59,OSM,0.605371,8642,True,optimal,25.3961,710.551669,711.262208,41.9513
441,10,tessellation,0.000193281,2,True,optimal,0.0022,3581.686672,3581.686674,11.3824
442,20,tessellation,0.00161057,24,True,optimal,0.0145,6305.440199,6307.228855,9.003
443,30,tessellation,0.00283901,50,True,optimal,0.0933,8408.367101,8408.367106,32.8636
444,40,tessellation,0.0132858,243,True,optimal,0.4716,8119.365859,8126.9374,35.4966
445,50,tessellation,0.035424,457,True,optimal,0.7778,10082.498088,10088.131947,21.9568
446,60,tessellation,0.345726,2563,True,optimal,8.7118,8632.665558,8640.564097,25.1986
447,10,tessellation,0.00026226,8,True,optimal,0.0052,2.054686,2.054687,19.8277
448,20,tessellation,0.00858309,112,True,optimal,0.1334,2.497775,2.497851,15.5422
449,30,tessellation,0.00700708,126,True,optimal,0.231,2.552894,2.555385,32.9666
450,40,tessellation,0.00569587,139,True,optimal,0.1476,3.240775,3.243909,25.9135
451,50,tessellation,0.222346,2196,True,optimal,6.959,3.508972,3.512406,31.298
452,60,tessellation,2.89508,17246,True,optimal,25.1849,3.795035,3.798799,8.69921
453,10,tessellation,0.000374058,8,True,optimal,0.0056,866569.472124,866569.472132,14.9709
454,15,tessellation,0.000957019,15,True,optimal,0.0121,1330259.223574,1330259.22359,12.6434
455,20,tessellation,0.00172886,43,True,optimal,0.0411,1424482.12285,1424534.077172,23.7729
456,25,tessellation,0.00168601,40,True,optimal,0.0329,1716152.711331,1717218.181993,19.5135
457,30,tessellation,0.00415174,86,True,optimal,0.0945,1545672.89872,1545867.895954,22.7615
458,35,tessellation,0.069166,898,True,optimal,1.5279,1775749.304479,1777268.417495,22.0903
459,40,tessellation,0.123218,1365,True,optimal,3.5725,1799079.801449,1800821.854138,28.9934
460,45,tessellation,0.126614,1492,True,optimal,3.6633,1997937.880775,1999821.751854,28.9329
461,50,tessellation,0.0792772,988,True,optimal,2.0861,2024192.927466,2026108.076921,26.314
462,60,tessellation,2.77299,19994,True,optimal,130.6122,2124206.463035,2126323.614084,47.1017
463,4,OSM,4.9164e-05,0,True,optimal,0.0019,84.984603,84.984605,38.6462
464,5,OSM,0.000123069,3,True,optimal,0.0054,206.680638,206.68064,43.8778
465,10,OSM,0.000157895,3,True,optimal,0.0035,161.502703,161.502706,22.1666
466,10,OSM,0.000331171,12,True,optimal,0.0086,285.070613,285.070619,25.9685
467,15,OSM,0.00036482,7,True,optimal,0.018,261.518387,261.518443,49.3394
468,15,OSM,0.000577871,14,True,optimal,0.0227,470.38729,470.387308,39.2821
469,20,OSM,0.0019146,104,True,optimal,0.1614,338.221028,338.404246,84.2995
470,20,OSM,0.00109261,35,True,optimal,0.094,461.719995,461.807871,86.0328
471,30,OSM,0.0072926,335,True,optimal,1.8009,3244.233875,3246.46986,246.949
472,30,OSM,0.00224141,86,True,optimal,0.181,682.260067,682.260084,80.7529
473,40,OSM,0.00901263,413,True,optimal,1.1555,678.674081,679.338175,128.209
474,40,OSM,0.00357803,114,True,optimal,1.0546,890.855005,891.685526,294.743
475,50,OSM,0.273209,12581,True,optimal,103.9696,1188.506378,1189.69242,380.55
476,50,OSM,0.259965,11062,True,optimal,131.388,1031.856238,1032.887124,505.406
477,60,OSM,7.7858,219269,True,optimal,12965.3882,1502.679265,1504.181821,1665.26
478,60,OSM,0.547938,15517,True,optimal,227.9182,2377.731007,2380.10859,415.956
479,5,OSM,3.3024e-05,0,True,optimal,0.0033,73.924945,73.924946,99.9273
480,5,OSM,4.2097e-05,0,True,optimal,0.0018,93.622192,93.622205,42.7584
481,10,OSM,0.000342789,2,True,optimal,0.0043,173.941732,173.941783,12.5442
482,10,OSM,0.000214247,2,True,optimal,0.0048,128.47957,128.479587,22.404
483,15,OSM,0.00060472,11,True,optimal,0.0361,383.323917,383.41882,59.697
484,15,OSM,0.00102055,35,True,optimal,0.0792,272.354044,272.354069,77.6056
485,20,OSM,0.000869069,14,True,optimal,0.0449,720.524975,720.525029,51.6645
486,20,OSM,0.000369249,5,True,optimal,0.0072,328.858159,328.858173,19.499
487,30,OSM,0.00362539,111,True,optimal,0.5029,564.453312,564.567986,138.716
488,30,OSM,0.0415639,1291,True,optimal,10.617,642.899156,643.533256,255.438
489,40,OSM,0.363243,10256,True,optimal,77.3262,769.051836,769.815969,212.877
490,40,OSM,0.016749,503,True,optimal,2.5355,882.209752,883.090763,151.382
491,50,OSM,0.0325407,1308,True,optimal,7.6328,1004.320375,1005.287051,234.562
492,50,OSM,1.11705,42788,True,optimal,803.5569,1073.063859,1074.136752,719.359
493,60,OSM,84.3615,1787418,True,open,,547.323219,731.61432,
494,60,OSM,3.55148,87836,True,optimal,2587.5568,963.06579,964.028668,728.585
495,16,tessellation,0.00115558,22,True,optimal,0.0389,35.881818,35.895669,33.6626
496,22,tessellation,0.00102399,16,True,optimal,0.0426,38.263029,38.284589,41.602
497,10,tessellation,0.000273381,7,True,optimal,0.0089,1104.146455,1104.14646,32.5553
498,10,tessellation,0.000141942,2,True,optimal,0.0041,1422.254661,1422.254681,28.885
499,15,tessellation,0.000857659,13,True,optimal,0.0136,2103.634033,2103.634038,15.8571
500,15,tessellation,0.00108216,24,True,optimal,0.0392,2102.288316,2102.288366,36.224
501,20,tessellation,0.00107756,22,True,optimal,0.0299,2892.332085,2892.332137,27.7478
502,20,tessellation,0.00110138,32,True,optimal,0.0269,3107.703868,3107.703896,24.4239
503,25,tessellation,0.0102673,185,True,optimal,0.347,4202.590788,4204.628738,33.7966
504,25,tessellation,0.00617367,109,True,optimal,0.1582,4492.787675,4495.470073,25.625
505,30,tessellation,0.0146129,174,True,optimal,0.4447,4546.197881,4549.938818,30.432
506,30,tessellation,0.0153577,230,True,optimal,0.5982,5954.66323,5960.278177,38.951
507,35,tessellation,0.0358296,400,True,optimal,0.7682,6044.965008,6050.354949,21.4404
508,35,tessellation,0.0227625,277,True,optimal,0.2655,6389.771603,6393.614783,11.6639
509,40,tessellation,0.124811,1456,True,optimal,3.2788,8719.31948,8727.929054,26.2702
510,40,tessellation,0.0188373,256,True,optimal,0.3856,7930.709126,7938.366291,20.47
511,45,tessellation,0.0440352,476,True,optimal,0.8804,9141.134887,9148.085677,19.9931
512,45,tessellation,0.192526,1391,True,optimal,4.54,9570.384679,9575.322179,23.5812
513,50,tessellation,0.112354,1858,True,optimal,5.1085,10923.545291,10933.803289,45.4677
514,50,tessellation,0.125548,1811,True,optimal,5.0348,11500.674753,11511.525878,40.1027
515,60,tessellation,0.966261,8807,True,optimal,36.3387,13458.817243,13472.209683,37.6076
516,60,tessellation,3.01655,27711,True,optimal,243.9019,14146.181662,14160.111049,80.8547
517,10,tessellation,0.000198666,5,True,optimal,0.0054,10439.326337,10439.326339,27.1813
518,15,tessellation,0.00127351,28,True,optimal,0.0279,26314.898378,26314.898426,21.908
519,20,tessellation,0.00180497,33,True,optimal,0.0781,22167.33248,22176.757061,43.2695
520,25,tessellation,0.00175241,44,True,optimal,0.057,25809.57072,25823.330913,32.5267
521,30,tessellation,0.00381173,73,True,optimal,0.0934,28699.660347,28699.921804,24.5033
522,35,tessellation,0.0547075,616,True,optimal,2.4283,35812.720872,35848.530493,44.387
523,40,tessellation,0.108139,896,True,optimal,4.564,28508.141739,28536.240611,42.2051
524,45,tessellation,0.060907,617,True,optimal,1.4356,32780.716145,32807.064046,23.5704
525,50,tessellation,0.0457756,561,True,optimal,1.1949,35590.150751,35623.502624,26.1034
526,60,tessellation,0.178723,1900,True,optimal,5.6447,39169.707786,39208.241042,31.5835
527,5,OSM,0.00020779,5,True,optimal,0.0035,110.399783,110.399787,16.8439
528,4,OSM,8.7686e-05,1,True,optimal,0.0022,216.595202,216.59521,25.0895
529,10,OSM,0.000486975,17,True,optimal,0.0275,372.218385,372.218422,56.4711
530,10,OSM,0.000507578,17,True,optimal,0.0258,223.182786,223.392,50.8296
531,15,OSM,0.000895434,48,True,optimal,0.0787,457.742188,457.742205,87.8903
532,15,OSM,0.00107589,42,True,optimal,0.0417,452.29464,452.294678,38.7587
533,20,OSM,0.00135693,51,True,optimal,0.1099,451.540215,451.961297,80.9915
534,20,OSM,0.00186621,43,True,optimal,0.068,332.885031,332.913687,36.4375
535,30,OSM,0.0258671,1387,True,optimal,4.7144,691.030067,691.713369,182.254
536,30,OSM,0.00424661,158,True,optimal,0.5195,1541.203023,1542.380648,122.333
537,40,OSM,0.0187136,313,True,optimal,0.7602,629.516011,630.122438,40.6229
538,40,OSM,0.0723973,1713,True,optimal,6.5968,749.812887,750.55413,91.1195
539,50,OSM,0.519289,9725,True,optimal,134.5584,1532.053729,1533.584076,259.12
540,50,OSM,0.411494,12875,True,optimal,104.0339,1382.193951,1383.575173,252.82
541,60,OSM,2.96648,38148,True,optimal,343.4977,945.434684,946.379858,115.793
542,60,OSM,348.618,7572676,True,open,,759.209998,1163.894317,
543,5,OSM,0.000155144,3,True,optimal,0.0035,225.285008,225.285014,22.5597
544,5,OSM,0.000158558,3,True,optimal,0.0046,156.156713,156.156718,29.0115
545,10,OSM,0.000635324,31,True,optimal,0.0095,274.35476,274.354784,14.953
546,10,OSM,0.000221081,5,True,optimal,0.0094,395.540738,395.540776,42.5184
547,15,OSM,0.00148176,43,True,optimal,0.1318,545.770196,545.915877,88.9482
548,15,OSM,0.00116863,57,True,optimal,0.0618,595.126664,595.266245,52.8826
549,20,OSM,0.0014624,53,True,optimal,0.1204,637.642676,637.64268,82.3305
550,20,OSM,0.000954671,25,True,optimal,0.1999,1487.595696,1487.767122,209.392
551,30,OSM,0.0300039,1272,True,optimal,6.3902,1004.137395,1005.123661,212.979
552,30,OSM,0.0071788,315,True,optimal,1.0555,749.840901,750.41295,147.03
553,40,OSM,0.122205,2995,True,optimal,17.4623,805.580624,806.382473,142.893
554,40,OSM,0.0963875,1233,True,optimal,4.6385,1435.940897,1437.264428,48.1234
555,50,OSM,0.0991129,2308,True,optimal,15.7373,2270.48465,2272.751398,158.782
556,50,OSM,0.304292,10394,True,optimal,76.2848,1502.683004,1504.180464,250.696
557,60,OSM,7.23446,126964,True,optimal,5039.6376,1471.023649,1472.49461,696.615
558,60,OSM,46.8408,609037,True,optimal,91145.3846,1297.568305,1298.865854,1945.86
