dataset	source_class	size_band	case	k	variant	numeric_valid	gap_closed	seconds	calls	upper_bound	lower_bound	relative_gap	timeout	error
small	OSM	5-10	holdout_osm_5-10_jakarta_n005_seed7447	5	baseline	True	True	0.002036542	3	74.75092653566176	74.75092653566176	0.0	False	
small	OSM	11-20	holdout_osm_11-20_lagos_n015_seed7082	15	baseline	True	True	0.006416042	8	271.07331996998164	271.0733199699816	2.0969757874770853e-16	False	
small	random	5-10	holdout_random_5-10_random_mixed_square_n010_seed10013	10	baseline	True	True	0.0027815	8	94.95701389546645	94.95701389546645	0.0	False	
small	random	11-20	holdout_random_11-20_random_mixed_square_n015_seed15016	15	baseline	True	True	0.033986875	17	92.66506060463918	92.66506060463915	3.067144104255958e-16	False	
small	tessellation	5-10	holdout_tessellation_5-10_uniform-0000010-1	10	baseline	True	True	0.002641875	8	961.3353185187839	961.3353185187838	1.182592957229363e-16	False	
small	tessellation	11-20	holdout_tessellation_11-20_us-night-0000020.instance	20	baseline	True	True	0.091099667	78	22931.151306306987	22931.151306306983	1.5864789161681222e-16	False	
small	OSM	5-10	holdout_osm_5-10_jakarta_n005_seed7447	5	current-none	True	True	0.002217708	3	74.75092653566176	74.75092653566176	0.0	False	
small	OSM	11-20	holdout_osm_11-20_lagos_n015_seed7082	15	current-none	True	True	0.009613959	8	271.07331996998164	271.0733199699816	2.0969757874770853e-16	False	
small	random	5-10	holdout_random_5-10_random_mixed_square_n010_seed10013	10	current-none	True	True	0.003394625	8	94.95701389546645	94.95701389546645	0.0	False	
small	random	11-20	holdout_random_11-20_random_mixed_square_n015_seed15016	15	current-none	True	True	0.037263625	17	92.66506060463918	92.66506060463915	3.067144104255958e-16	False	
small	tessellation	5-10	holdout_tessellation_5-10_uniform-0000010-1	10	current-none	True	True	0.002875834	8	961.3353185187839	961.3353185187838	1.182592957229363e-16	False	
small	tessellation	11-20	holdout_tessellation_11-20_us-night-0000020.instance	20	current-none	True	True	0.091975334	78	22931.151306306987	22931.151306306983	1.5864789161681222e-16	False	
small	OSM	5-10	holdout_osm_5-10_jakarta_n005_seed7447	5	cache	True	True	0.000613833	3	74.75092653566176	74.75092653566176	0.0	False	
small	OSM	11-20	holdout_osm_11-20_lagos_n015_seed7082	15	cache	True	True	0.004083208	8	271.07331996998164	271.0733199699816	2.0969757874770853e-16	False	
small	random	5-10	holdout_random_5-10_random_mixed_square_n010_seed10013	10	cache	True	True	0.001869542	8	94.95701389546645	94.95701389546645	0.0	False	
small	random	11-20	holdout_random_11-20_random_mixed_square_n015_seed15016	15	cache	True	True	0.028357	17	92.66506060463918	92.66506060463915	3.067144104255958e-16	False	
small	tessellation	5-10	holdout_tessellation_5-10_uniform-0000010-1	10	cache	True	True	0.002091167	8	961.3353185187839	961.3353185187838	1.182592957229363e-16	False	
small	tessellation	11-20	holdout_tessellation_11-20_us-night-0000020.instance	20	cache	True	True	0.072404041	78	22931.151306306987	22931.151306306983	1.5864789161681222e-16	False	
small	OSM	5-10	holdout_osm_5-10_jakarta_n005_seed7447	5	dual	True	True	0.000896209	3	74.75092653566176	74.75092653566176	0.0	False	
small	OSM	11-20	holdout_osm_11-20_lagos_n015_seed7082	15	dual	True	True	0.005944375	8	271.07331996998164	271.0733199699816	2.0969757874770853e-16	False	
small	random	5-10	holdout_random_5-10_random_mixed_square_n010_seed10013	10	dual	True	True	0.003160459	8	94.95701389546645	94.95701389546645	0.0	False	
small	random	11-20	holdout_random_11-20_random_mixed_square_n015_seed15016	15	dual	True	True	0.038130042	17	92.66506060463918	92.66506060463915	3.067144104255958e-16	False	
small	tessellation	5-10	holdout_tessellation_5-10_uniform-0000010-1	10	dual	True	True	0.003085959	8	961.3353185187839	961.3353185187838	1.182592957229363e-16	False	
small	tessellation	11-20	holdout_tessellation_11-20_us-night-0000020.instance	20	dual	True	True	0.089604042	63	22931.151306306987	22931.151306306983	1.5864789161681222e-16	False	
small	OSM	5-10	holdout_osm_5-10_jakarta_n005_seed7447	5	features	True	True	0.000646916	3	74.75092653566176	74.75092653566176	0.0	False	
small	OSM	11-20	holdout_osm_11-20_lagos_n015_seed7082	15	features	True	True	0.005074916	8	271.07331996998164	271.0733199699816	2.0969757874770853e-16	False	
small	random	5-10	holdout_random_5-10_random_mixed_square_n010_seed10013	10	features	True	True	0.002350125	8	94.95701389546645	94.95701389546645	0.0	False	
small	random	11-20	holdout_random_11-20_random_mixed_square_n015_seed15016	15	features	True	True	0.03248025	17	92.66506060463918	92.66506060463915	3.067144104255958e-16	False	
small	tessellation	5-10	holdout_tessellation_5-10_uniform-0000010-1	10	features	True	True	0.002635209	8	961.3353185187839	961.3353185187838	1.182592957229363e-16	False	
small	tessellation	11-20	holdout_tessellation_11-20_us-night-0000020.instance	20	features	True	True	0.075846417	78	22931.151306306987	22931.151306306983	1.5864789161681222e-16	False	
small	OSM	5-10	holdout_osm_5-10_jakarta_n005_seed7447	5	lazy	True	True	0.000723209	3	74.75092653566176	74.75092653566176	0.0	False	
small	OSM	11-20	holdout_osm_11-20_lagos_n015_seed7082	15	lazy	True	True	0.005149791	8	271.07331996998164	271.0733199699816	2.0969757874770853e-16	False	
small	random	5-10	holdout_random_5-10_random_mixed_square_n010_seed10013	10	lazy	True	True	0.002138417	7	94.95701389546645	94.95701389546645	0.0	False	
small	random	11-20	holdout_random_11-20_random_mixed_square_n015_seed15016	15	lazy	True	True	0.034320208	17	92.66506060463918	92.66506060463915	3.067144104255958e-16	False	
small	tessellation	5-10	holdout_tessellation_5-10_uniform-0000010-1	10	lazy	True	True	0.002457583	6	961.3353185187839	961.3353185187838	1.182592957229363e-16	False	
small	tessellation	11-20	holdout_tessellation_11-20_us-night-0000020.instance	20	lazy	True	True	0.108308292	89	22931.151306306987	22931.151306306983	1.5864789161681222e-16	False	
small	OSM	5-10	holdout_osm_5-10_jakarta_n005_seed7447	5	root	True	True	0.00032625	2	74.75092653566176	74.75092653566176	0.0	False	
small	OSM	11-20	holdout_osm_11-20_lagos_n015_seed7082	15	root	True	True	0.002735166	4	271.0733199699816	271.0733199699816	0.0	False	
small	random	5-10	holdout_random_5-10_random_mixed_square_n010_seed10013	10	root	True	True	0.002527083	8	94.95701389546646	94.95701389546645	1.496556613590023e-16	False	
small	random	11-20	holdout_random_11-20_random_mixed_square_n015_seed15016	15	root	True	True	0.03636625	16	92.66506060463915	92.66506060463915	0.0	False	
small	tessellation	5-10	holdout_tessellation_5-10_uniform-0000010-1	10	root	True	True	0.007140583	15	961.3353185187839	961.3353185187837	2.365185914458726e-16	False	
small	tessellation	11-20	holdout_tessellation_11-20_us-night-0000020.instance	20	root	True	True	0.122801792	84	22931.151306306987	22931.15130630698	3.1729578323362444e-16	False	
small	OSM	5-10	holdout_osm_5-10_jakarta_n005_seed7447	5	branch	True	True	0.000965417	3	74.75092653566176	74.75092653566176	0.0	False	
small	OSM	11-20	holdout_osm_11-20_lagos_n015_seed7082	15	branch	True	True	0.014914208	18	271.0733199699816	271.0733199699816	0.0	False	
small	random	5-10	holdout_random_5-10_random_mixed_square_n010_seed10013	10	branch	True	True	0.003502	8	94.95701389546645	94.95701389546645	0.0	False	
small	random	11-20	holdout_random_11-20_random_mixed_square_n015_seed15016	15	branch	True	True	0.039517625	17	92.66506060463918	92.66506060463915	3.067144104255958e-16	False	
small	tessellation	5-10	holdout_tessellation_5-10_uniform-0000010-1	10	branch	True	True	0.003121	8	961.3353185187839	961.3353185187838	1.182592957229363e-16	False	
small	tessellation	11-20	holdout_tessellation_11-20_us-night-0000020.instance	20	branch	True	True	1.033954625	325	22931.151306306987	22931.15130630698	3.1729578323362444e-16	False	
small	OSM	5-10	holdout_osm_5-10_jakarta_n005_seed7447	5	combined	True	True	0.000532916	2	74.75092653566176	74.75092653566176	0.0	False	
small	OSM	11-20	holdout_osm_11-20_lagos_n015_seed7082	15	combined	True	True	0.010625458	10	271.0733199699816	271.0733199699816	0.0	False	
small	random	5-10	holdout_random_5-10_random_mixed_square_n010_seed10013	10	combined	True	True	0.005592625	8	94.95701389546646	94.95701389546645	1.496556613590023e-16	False	
small	random	11-20	holdout_random_11-20_random_mixed_square_n015_seed15016	15	combined	True	True	0.04562275	16	92.66506060463915	92.66506060463915	0.0	False	
small	tessellation	5-10	holdout_tessellation_5-10_uniform-0000010-1	10	combined	True	True	0.007699542	16	961.3353185187839	961.3353185187837	2.365185914458726e-16	False	
small	tessellation	11-20	holdout_tessellation_11-20_us-night-0000020.instance	20	combined	True	True	0.227006209	125	22931.151306306987	22931.151306306983	1.5864789161681222e-16	False	
large	OSM	25-40	large_osm_25-40_sao_paulo_n040_seed7537	39	baseline	True	False	2.001463625	377	560.8323600477295	535.8640490126704	0.044520096937584235	False	
large	OSM	41-60	large_osm_41-60_toronto_n050_seed4504	50	baseline	True	False	2.000989625	2006	980.4991709526051	837.3457876718661	0.1460005143519481	False	
large	random	25-40	large_random_25-40_random_mixed_square_n030_seed30019	30	baseline	True	True	0.214852209	145	125.40401753820372	125.40401753820368	3.3996170922210056e-16	False	
large	random	41-60	large_random_41-60_random_mixed_square_n060_seed60012	59	baseline	True	False	2.080730875	924	167.8029649886971	154.16515816741313	0.0812727404560617	False	
large	tessellation	25-40	large_tessellation_25-40_uniform-0000030-1	30	baseline	True	True	0.031098542	42	4644.684158987555	4644.684158987554	1.9581411149626573e-16	False	
large	tessellation	41-60	large_tessellation_41-60_uniform-0000060-1	60	baseline	True	False	2.004527208	581	13992.65594595541	11800.550622775168	0.1566611322144222	False	
large	OSM	25-40	large_osm_25-40_sao_paulo_n040_seed7537	39	current-none	True	False	2.030317125	383	560.8323600477295	536.8589438506715	0.04274613575261195	False	
large	OSM	41-60	large_osm_41-60_toronto_n050_seed4504	50	current-none	True	False	2.000909084	2015	980.4991709526051	837.3457876718661	0.1460005143519481	False	
large	random	25-40	large_random_25-40_random_mixed_square_n030_seed30019	30	current-none	True	True	0.211240042	145	125.40401753820372	125.40401753820368	3.3996170922210056e-16	False	
large	random	41-60	large_random_41-60_random_mixed_square_n060_seed60012	59	current-none	True	False	2.064213625	924	167.8029649886971	154.16515816741313	0.0812727404560617	False	
large	tessellation	25-40	large_tessellation_25-40_uniform-0000030-1	30	current-none	True	True	0.031255625	42	4644.684158987555	4644.684158987554	1.9581411149626573e-16	False	
large	tessellation	41-60	large_tessellation_41-60_uniform-0000060-1	60	current-none	True	False	2.004527542	586	13992.65594595541	11800.550622775168	0.1566611322144222	False	
large	OSM	25-40	large_osm_25-40_sao_paulo_n040_seed7537	39	cache	True	False	2.033209708	456	560.8323600477295	544.5747508978255	0.028988357855314097	False	
large	OSM	41-60	large_osm_41-60_toronto_n050_seed4504	50	cache	True	False	2.000850042	2934	980.4991709526051	856.7600796595005	0.12620009782658534	False	
large	random	25-40	large_random_25-40_random_mixed_square_n030_seed30019	30	cache	True	True	0.1544735	145	125.40401753820372	125.40401753820368	3.3996170922210056e-16	False	
large	random	41-60	large_random_41-60_random_mixed_square_n060_seed60012	59	cache	True	False	2.062090833	930	167.8029649886971	154.16515816741313	0.0812727404560617	False	
large	tessellation	25-40	large_tessellation_25-40_uniform-0000030-1	30	cache	True	True	0.025352958	42	4644.684158987555	4644.684158987554	1.9581411149626573e-16	False	
large	tessellation	41-60	large_tessellation_41-60_uniform-0000060-1	60	cache	True	False	2.053798416	606	13992.65594595541	11800.550622775168	0.1566611322144222	False	
large	OSM	25-40	large_osm_25-40_sao_paulo_n040_seed7537	39	dual	True	False	2.040691292	365	560.8323600477295	534.2841415582643	0.04733717306755586	False	
large	OSM	41-60	large_osm_41-60_toronto_n050_seed4504	50	dual	True	False	2.001547459	1714	980.4991709526051	831.3433876854701	0.1521222941190481	False	
large	random	25-40	large_random_25-40_random_mixed_square_n030_seed30019	30	dual	True	True	0.253913042	145	125.40401753820372	125.40401753820368	3.3996170922210056e-16	False	
large	random	41-60	large_random_41-60_random_mixed_square_n060_seed60012	59	dual	True	False	2.002370417	919	167.8029649886971	154.16515816741313	0.0812727404560617	False	
large	tessellation	25-40	large_tessellation_25-40_uniform-0000030-1	30	dual	True	True	0.038107166	42	4644.684158987555	4644.684158987554	1.9581411149626573e-16	False	
large	tessellation	41-60	large_tessellation_41-60_uniform-0000060-1	60	dual	True	False	2.002961625	564	13992.65594595541	11800.550622775168	0.1566611322144222	False	
large	OSM	25-40	large_osm_25-40_sao_paulo_n040_seed7537	39	features	True	False	2.012239125	369	560.8323600477295	534.2841415582643	0.04733717306755586	False	
large	OSM	41-60	large_osm_41-60_toronto_n050_seed4504	50	features	True	False	2.000435833	2261	980.4991709526051	844.9502815139373	0.13824477720565043	False	
large	random	25-40	large_random_25-40_random_mixed_square_n030_seed30019	30	features	True	True	0.203284833	145	125.40401753820375	125.40401753820349	2.039770255332603e-15	False	
large	random	41-60	large_random_41-60_random_mixed_square_n060_seed60012	59	features	True	False	2.151855292	926	167.8029649886971	154.16515816741313	0.0812727404560617	False	
large	tessellation	25-40	large_tessellation_25-40_uniform-0000030-1	30	features	True	True	0.02925475	42	4644.684158987555	4644.684158987554	1.9581411149626573e-16	False	
large	tessellation	41-60	large_tessellation_41-60_uniform-0000060-1	60	features	True	False	2.020351875	601	13992.65594595541	11800.550622775168	0.1566611322144222	False	
large	OSM	25-40	large_osm_25-40_sao_paulo_n040_seed7537	39	lazy	False	False						True	firm process timeout after 8.0s
large	OSM	41-60	large_osm_41-60_toronto_n050_seed4504	50	lazy	True	False	2.001097625	1512	988.0978860079945	872.6406700114755	0.11684795366072141	False	
large	random	25-40	large_random_25-40_random_mixed_square_n030_seed30019	30	lazy	True	True	0.333054916	138	125.40401753820375	125.40401753820368	5.666028487035008e-16	False	
large	random	41-60	large_random_41-60_random_mixed_square_n060_seed60012	59	lazy	True	False	2.001991875	887	167.8029649886971	159.07629473575804	0.05200545922133667	False	
large	tessellation	25-40	large_tessellation_25-40_uniform-0000030-1	30	lazy	True	True	0.0466125	49	4644.684158987555	4644.684158987554	1.9581411149626573e-16	False	
large	tessellation	41-60	large_tessellation_41-60_uniform-0000060-1	60	lazy	True	False	2.003461208	215	14374.493011954346	12077.370533564072	0.15980546071989493	False	
large	OSM	25-40	large_osm_25-40_sao_paulo_n040_seed7537	39	root	True	True	1.281924292	580	560.8323600477294	560.8323600477293	2.0271090939178467e-16	False	
large	OSM	41-60	large_osm_41-60_toronto_n050_seed4504	50	root	True	False	2.000874375	1744	983.6519417108644	830.6273123205252	0.1555678618640082	False	
large	random	25-40	large_random_25-40_random_mixed_square_n030_seed30019	30	root	True	True	0.221917333	123	125.40401753820372	125.40401753820368	3.3996170922210056e-16	False	
large	random	41-60	large_random_41-60_random_mixed_square_n060_seed60012	59	root	True	False	2.000886125	1060	166.40431185019648	155.45826617242554	0.0657798199822189	False	
large	tessellation	25-40	large_tessellation_25-40_uniform-0000030-1	30	root	True	True	0.035601083	44	4644.684158987555	4644.684158987554	1.9581411149626573e-16	False	
large	tessellation	41-60	large_tessellation_41-60_uniform-0000060-1	60	root	True	False	2.011359459	237	16896.509790291562	11241.622397161596	0.3346778395843125	False	
large	OSM	25-40	large_osm_25-40_sao_paulo_n040_seed7537	39	branch	True	False	2.001088375	141	605.8456388326362	488.9023746795807	0.19302485098083016	False	
large	OSM	41-60	large_osm_41-60_toronto_n050_seed4504	50	branch	True	False	2.001124167	1658	980.4991709526053	834.1480672003784	0.14926183324565107	False	
large	random	25-40	large_random_25-40_random_mixed_square_n030_seed30019	30	branch	True	True	0.441502084	187	125.40401753820372	125.40401753820368	3.3996170922210056e-16	False	
large	random	41-60	large_random_41-60_random_mixed_square_n060_seed60012	59	branch	True	False	2.000307125	760	167.8029649886971	152.29008903320016	0.09244697170006423	False	
large	tessellation	25-40	large_tessellation_25-40_uniform-0000030-1	30	branch	True	True	0.03142025	36	4644.684158987555	4644.684158987554	1.9581411149626573e-16	False	
large	tessellation	41-60	large_tessellation_41-60_uniform-0000060-1	60	branch	True	False	2.005157667	180	16896.509790291562	11085.60367993431	0.34391162331620095	False	
large	OSM	25-40	large_osm_25-40_sao_paulo_n040_seed7537	39	combined	False	False						True	firm process timeout after 8.0s
large	OSM	41-60	large_osm_41-60_toronto_n050_seed4504	50	combined	True	False	2.002041708	641	985.2070191956211	843.9127336987532	0.14341583316390558	False	
large	random	25-40	large_random_25-40_random_mixed_square_n030_seed30019	30	combined	True	True	0.474731458	113	125.40401753820375	125.40401753820349	2.039770255332603e-15	False	
large	random	41-60	large_random_41-60_random_mixed_square_n060_seed60012	59	combined	True	False	2.003238125	472	167.8029649886971	155.50131166897793	0.07331010700882308	False	
large	tessellation	25-40	large_tessellation_25-40_uniform-0000030-1	30	combined	True	True	0.059460875	38	4644.684158987555	4644.684158987554	1.9581411149626573e-16	False	
large	tessellation	41-60	large_tessellation_41-60_uniform-0000060-1	60	combined	True	False	2.001988625	293	14586.634324517901	12151.373257818927	0.16695154019222058	False	
