suite_index;difficulty;sha256;source_bin;source_case_index;polygons;layout;grid_cell_size;convex_replacement_fraction;seed;calls;bnb_seconds;decomposed_pieces;total_combinations;exhausted;branch_limited;checksum
0;easy;de8c3d16e5b5338a9288ee54c44a27fa05fd86574e25d3d98169e905b2959f91;inputs/p20_grid_convex1_spacing3.bin;36;20;grid;3.0;1.0;216;22;0.000286;20;1;true;false;3187.491297617506
1;medium;428dfed29cb3648a747fc9fa36bcd3c10dc4db05e4c92d82a75688f1cbf7a320;inputs/p40_grid_convex0_spacing3.bin;82;40;grid;3.0;0.0;258;11780;0.079482;125;4755253572403200000;true;false;4498781.149099243805
2;hard;532f9c78fea060c68086a48b35442a9b4903e7eb1ce395eb96438399b52fb789;inputs/p30_grid_convex0p25_spacing1p1.bin;7;30;grid;1.1;0.25;225;100000;0.986301;93;777600000000;false;false;7655318.895557023585
3;easy;03fecea08e923448571aa7e2403cb58efea46c93f813ec4efde9511a484f5317;inputs/p10_grid_convex1_spacing1p25.bin;90;10;grid;1.25;1.0;177;12;0.000116;10;1;true;false;198.169104427427
4;medium;6b138982349be205ab7cc9db819838e37aabbe44df9dcf9ee5a2a6b9cb35aa88;inputs/p30_grid_convex0p25_spacing1p1.bin;33;30;grid;1.1;0.25;225;1175;0.013863;68;1433272320;true;false;88612.242331844798
5;hard;66da4d20b4edb6555e2470319f42c0269cb00a8faf5b95659df74449f055bbb8;inputs/p40_grid_convex0_spacing2.bin;67;40;grid;2.0;0.0;256;100000;0.659736;126;4231664861184000000;false;false;25356958.322858963162
6;easy;83c4bc88565776da3d6691813517ff1aa2412456855a5e5c7e416518fc3ee22d;inputs/p3_grid_convex0_spacing2p5.bin;29;3;grid;2.5;0.0;82;10;0.000018;8;18;true;false;73.925083317087
7;medium;485c6c13c770db273250af4af3e256a3830eafb252d7b4aaa5b58f2fead1bdad;inputs/p10_geographic_convex0p25.bin;50;10;geographic;;0.25;154;651;0.002318;26;3456;true;false;456603.812263464497
8;hard;fec71348b1425588e68125a18567cae27b37d4be268449092f996481480f6222;inputs/p40_grid_convex0_spacing3.bin;5;40;grid;3.0;0.0;258;100000;0.689782;134;74895243765350400000;false;false;37877553.596572011709
9;easy;cfe712ee9887ace07a7fa0c0deb9255784e39b151b0269b9f3510c15c16416d9;inputs/p50_grid_convex1_spacing3.bin;19;50;grid;3.0;1.0;321;52;0.001552;50;1;true;false;29169.989321713372
10;medium;cb02ba37c351516884de0d2c96513ea3be30787c9b3cdc89778897d1ffeb14d2;inputs/p20_geographic_convex0.bin;17;20;geographic;;0.0;182;6003;0.027420;72;25194240000;true;false;7143280.069731410593
11;hard;fa5a9dd628b81c2d87ba442f2c69b4e7b0d9ded0cd1c2dbad67b9041fabccd40;inputs/p30_grid_convex0_spacing1p1.bin;72;30;grid;1.1;0.0;218;100000;0.544901;106;1315033086689280;false;false;7349893.905052266084
12;easy;be6df9ff3c4d55e394022fca344f11dd177a3d800340fb79c8592b7771604592;inputs/p20_grid_convex0_spacing1p25.bin;22;20;grid;1.25;0.0;184;350;0.001515;52;53084160;true;false;16476.276446387481
13;medium;f63468b4733f3cee6e527320a61e7d64ced21ddd73466c024ed3dff26c06a0db;inputs/p30_grid_convex0_spacing1p1.bin;8;30;grid;1.1;0.0;218;5182;0.027158;107;2539579392000000;true;false;378088.273965615837
14;hard;8b1f9ca5eaf476fc7baeed3173286f4c92c5e27446ad5cdec8df16a488655365;inputs/p50_grid_convex0p25_spacing3.bin;91;50;grid;3.0;0.25;300;100000;1.243641;154;668707533619200000000;false;false;55077362.420753031969
15;easy;388a92798938c4ee29ae388bbe8a131005bbc9414cfe1f13668530e81e82e7e4;inputs/p50_grid_convex1_spacing1p1.bin;98;50;grid;1.1;1.0;316;52;0.001788;50;1;true;false;9768.188305109872
16;medium;626654f2044a3d51a8499081505db664dff5c422d031d2706f16854bdefb20f9;inputs/p10_grid_convex0p25_spacing1p25.bin;77;10;grid;1.25;0.25;156;530;0.001515;27;5760;true;false;8430.507147221211
17;hard;3d74a81439204a1f8c20e716aa141571f2f7f0937acd4101763151f31cb567b3;inputs/p30_grid_convex0p25_spacing1p1.bin;64;30;grid;1.1;0.25;225;100000;0.892285;73;6718464000;false;false;7873852.694677539170
18;easy;cdc0f20aeae469496462645a04c4f4edc9792755eacb207b749e58defae41026;inputs/p30_grid_convex0_spacing1p1.bin;82;30;grid;1.1;0.0;218;233;0.002623;84;2786281390080;true;false;15285.388698219287
19;medium;c07bedc320e57ade9ba01995263cf2a84c074e427cdc3d4d43f1c3ae642007ee;inputs/p40_grid_convex0p5_spacing2p5.bin;64;40;grid;2.5;0.5;271;1396;0.025352;71;71663616;true;false;413923.794116093719
20;hard;5e6264a6e0226ad2e261b859f62515788dbef619dd99d331c59d82ed4ac5070b;inputs/p40_grid_convex0_spacing2.bin;65;40;grid;2.0;0.0;256;100000;0.730687;111;59440669655040000;false;false;25270805.426856599748
21;easy;215b0236e3c995739a6dcbf8732b36781a044dc6bdf044871dfac3a72733ed0f;inputs/p5_grid_convex0p25_spacing1p25.bin;38;5;grid;1.25;0.25;121;25;0.000051;13;72;true;false;138.649435184585
22;medium;aa3347a14d0f30c3fa9d84281ccc89effe9688082de100a7acab33f2b3f3ad30;inputs/p40_grid_convex0_spacing2.bin;58;40;grid;2.0;0.0;256;5778;0.041428;118;713288035860480000;true;false;1463830.455751371104
23;hard;6c548ef23313c2505c8d72bf563960b93840b8813ed14b33a902509cbbdd60c0;inputs/p40_grid_convex0_spacing3.bin;87;40;grid;3.0;0.0;258;100000;0.641890;112;100306130042880000;false;false;37729954.090299338102
24;easy;c7123e3f52d7db3d7afba9cbd86238ab5ace5db0600d0ec47ef57466422993bb;inputs/p10_grid_convex0p25_spacing1p25.bin;8;10;grid;1.25;0.25;156;128;0.000372;25;3456;true;false;2256.656848531006
25;medium;97eb800cb9afa2815656e58c15c0138865d5a22137cc913a05c09c4a2b8fd70f;inputs/p40_grid_convex0p75_spacing2.bin;55;40;grid;2.0;0.75;277;550;0.010443;80;3317760;true;false;123182.339189400256
26;hard;ec9f7417f2a56442bdf7cf0e37b360238fdec1b9236ceb1eaf8823a0d78faaae;inputs/p30_grid_convex0_spacing1p1.bin;32;30;grid;1.1;0.0;218;100000;0.606201;114;11313826191360000;false;false;8229185.708681392483
27;easy;787a31f471592df984f10a73098d6418f999fa4f94dc9f91bb6bf83afc27c4fc;inputs/p10_grid_convex0p5_spacing3.bin;12;10;grid;3.0;0.5;167;44;0.000177;22;360;true;false;2260.653692061122
28;medium;e88525263b65ee5fd7dce39fa27255e76192aa43e5bc97d910bc46222490ad89;inputs/p20_grid_convex0_spacing1p25.bin;7;20;grid;1.25;0.0;184;1725;0.007191;60;1074954240;true;false;78127.435937745235
29;hard;994a627e06cf56b5e42056418926c5112da36fc8f9086920b884cb4f93e1e196;inputs/p50_grid_convex0p25_spacing3.bin;77;50;grid;3.0;0.25;300;100000;1.325298;135;3851755393646592000;false;false;52738595.427137188613
30;easy;bf441cef8e7d58df0adffeaa41406296a4080bbdb293bcf2a6ee8f53a09b6106;inputs/p10_grid_convex0_spacing3.bin;48;10;grid;3.0;0.0;153;408;0.001071;28;23328;true;false;19523.349711797917
31;medium;e55acd04972e986e7444a864bd4c47ccb89d060ec8a23066c376cbed82360daa;inputs/p50_grid_convex0p25_spacing3.bin;78;50;grid;3.0;0.25;300;3842;0.059542;120;36110206815436800;true;false;2060391.635273390682
32;hard;045130e8e1873c62c18af04951d44f6496421906856ac77ee3cd4e73697381e8;inputs/p40_grid_convex0_spacing2.bin;14;40;grid;2.0;0.0;256;100000;0.662064;122;1783220089651200000;false;false;22552248.095827944577
33;easy;3091b74875109d2e013bb20cca018533064ab02d583959f9a00e3742983a31c0;inputs/p3_geographic_convex1.bin;11;3;geographic;;1.0;105;5;0.000023;3;1;true;false;659.802048110830
34;medium;e6ebf1b73a548550b9c733ffea26548040ebd13fbb79c77d43272dce9abfce9b;inputs/p20_grid_convex0p25_spacing1p5.bin;31;20;grid;1.5;0.25;192;727;0.003333;45;1492992;true;false;40775.576220116069
35;hard;0dd20b5c0a61d8a2b3b0866144334408bf82a19319de2434fdf5004ca400fe25;inputs/p40_grid_convex0_spacing3.bin;54;40;grid;3.0;0.0;258;100000;0.657010;137;31560794080542720000;false;false;38058195.227492801845
36;easy;3b2b17c5f65c3985b1e4879cb5da7880bc2e1ce76a36e465e6015121128770ce;inputs/p3_grid_convex0p75_spacing1p1.bin;8;3;grid;1.1;0.75;99;6;0.000017;4;2;true;false;15.422488052140
37;medium;2d2fb7ab45988f768d38cce7352236704c807de697224d8eca6d47244bd67003;inputs/p30_grid_convex0p5_spacing2.bin;65;30;grid;2.0;0.5;235;1677;0.020354;54;995328;true;false;213759.794164720632
38;hard;ec062a44f4bb92b966c7a6c3068256a11c79a4c64523349ffd41a546ea753810;inputs/p30_grid_convex0_spacing1p1.bin;18;30;grid;1.1;0.0;218;100000;0.581301;102;164886478848000;false;false;7403703.096343101002
39;easy;a9d16710640576a4dbe4d85dbe0c1889e5b9c98c04564bed1371aa144045950a;inputs/p40_grid_convex0p5_spacing2p5.bin;17;40;grid;2.5;0.5;271;411;0.008272;77;286654464;true;false;132540.506902877067
40;medium;4e2664218a0008704f5a0137a22506b5b60866586630e23ccf9b3592a8a3c9ef;inputs/p10_grid_convex0_spacing2p5.bin;98;10;grid;2.5;0.0;152;514;0.000805;26;10368;true;false;18704.103650438006
41;hard;c36913767111697db66da5f1ab075b29bc4e9c5df7c30cea43001d9fe9dce56a;inputs/p50_grid_convex0p25_spacing3.bin;54;50;grid;3.0;0.25;300;100000;1.376516;130;668707533619200000;false;false;53820915.253265984356
42;easy;fa55261e144f475328f2025b59baee0ff830346402a341645658e4d00119541d;inputs/p30_grid_convex0p5_spacing2p5.bin;7;30;grid;2.5;0.5;236;357;0.003958;50;221184;true;false;68513.487089449511
43;medium;b4ccf5b104000338b5005e51b14f2b27d3cce8bfb4534be0af5f9be1878e66ea;inputs/p10_grid_convex0_spacing3.bin;73;10;grid;3.0;0.0;153;1396;0.002688;34;103680;true;false;66040.586011080159
44;hard;af4f6ef1436e5c14cc6b962888447fb7b5d42c4b0cf118e190fee46a4aff7912;inputs/p40_grid_convex0_spacing2.bin;78;40;grid;2.0;0.0;256;100000;0.750753;137;60183678025728000000;false;false;20736723.885322440416
45;easy;4c52eb01ed650c6794214b2bb5845df1c997c56d7a70c0944b3c48b3af35d8a8;inputs/p3_grid_convex0p5_spacing1p5.bin;64;3;grid;1.5;0.5;94;6;0.000016;4;2;true;false;22.226881311651
46;medium;cdbce8adb299f22e249ec7e7582e3c111141c03036427d788522110df19cde6f;inputs/p30_grid_convex0p5_spacing2p5.bin;42;30;grid;2.5;0.5;236;3485;0.043745;68;38707200;true;false;788425.952416441403
47;hard;b24face499b5d470defc8c8befeb9f3333735acc34c73d68a71a2de07138ec71;inputs/p40_grid_convex0_spacing3.bin;12;40;grid;3.0;0.0;258;100000;0.709768;110;64195923227443200;false;false;40048021.546299837530
48;easy;9a3a96194bea1f66e561a4278926984830dea1f44e7d51629488627aba7d74dc;inputs/p5_grid_convex0p25_spacing2.bin;10;5;grid;2.0;0.25;123;58;0.000080;20;480;true;false;603.598216160433
49;medium;e8178544cc9d54cdddd2fb5a282fe9323794fd6991d182bc02325b168b90e307;inputs/p40_grid_convex0_spacing3.bin;26;40;grid;3.0;0.0;258;8072;0.051071;138;235920017860853760000;true;false;3070234.500876806211
50;hard;e01ec614f8a3f4b0bafe5f726350e2cd93141c6394b06044d452516895193bc8;inputs/p30_grid_convex0_spacing1p1.bin;25;30;grid;1.1;0.0;218;100000;0.659361;117;19199220203520000;false;false;7716463.741328834556
51;easy;ca3d36600c84a514cdcaec851b628e061065c164748e35e435691425068f3600;inputs/p3_grid_convex0p25_spacing2p5.bin;14;3;grid;2.5;0.25;89;12;0.000022;9;15;true;false;82.087304978333
52;medium;ba52cbdcabecd6b6739821e43435167a68a951da92daf9b936881fbd71b183f0;inputs/p30_grid_convex0p25_spacing1p1.bin;57;30;grid;1.1;0.25;225;3691;0.043499;75;10319560704;true;false;315281.694320439768
53;hard;d9cb0e43a9e18044bc8d51491b85934d18d586328063f33a09a3aa24d0165f88;inputs/p50_grid_convex0p25_spacing3.bin;85;50;grid;3.0;0.25;300;100000;1.380146;113;2567836929097728;false;false;52398523.896976701915
54;easy;2d637dbb2d1550f3061919f1601dfe2b9049fd2f8ed1319bff1b4ce8c87b66e8;inputs/p20_grid_convex1_spacing2.bin;29;20;grid;2.0;1.0;214;22;0.000312;20;1;true;false;1765.112442547497
55;medium;49d5c15f8e1434a5158b463c01dbcce21674ade77fd1c506b8dcc9d49e9b9f27;inputs/p10_geographic_convex0p25.bin;54;10;geographic;;0.25;154;638;0.002450;31;12600;true;false;197995.233664652595
56;hard;8a8581b231f2a4e99802e76b63fd4d8e0b884f491d28db51838600f0ec779409;inputs/p40_grid_convex0_spacing2.bin;37;40;grid;2.0;0.0;256;100000;0.700110;124;4159895825138319360;false;false;26487285.169873166829
57;easy;cff7546e2d41556094862e6543a11739d6651cd0689b67d15e68abbb6d459f5e;inputs/p5_grid_convex1_spacing1p5.bin;45;5;grid;1.5;1.0;143;7;0.000035;5;1;true;false;33.703139767466
58;medium;467e199dc12cb2ee211bbc4887b1adaf43c2a4d8db51a7f9ff4fd0b5d951278b;inputs/p20_geographic_convex0.bin;8;20;geographic;;0.0;182;15765;0.085751;81;225042300000;true;false;28090174.330553531647
59;hard;2f069b38cd928deab1629ebf130f80af73d94ac89991b98c77ce342cb8814e85;inputs/p40_grid_convex0_spacing3.bin;53;40;grid;3.0;0.0;258;100000;0.698679;140;8666449635704832000;false;false;33202200.279198937118
60;easy;55dbc1c4198ea974151f1ae0716dd76a11d2c0593499052091e08fb892079742;inputs/p1_grid_convex0p5_spacing1p1.bin;62;1;grid;1.1;0.5;57;4;0.000004;2;2;true;false;4.410126238931
61;medium;5041bd0bae3754d8828e85a1a08f66e5ea7d8622d6b98c7a30daf68a7710efbe;inputs/p30_grid_convex0_spacing1p1.bin;42;30;grid;1.1;0.0;218;4298;0.024576;90;39182082048000;true;false;319398.044688058784
62;hard;3df899aa0434db1490da694e80ad66768f44a5c497e6f33fdb04c4fffdeb9a08;inputs/p30_grid_convex0_spacing1p1.bin;49;30;grid;1.1;0.0;218;41404;0.299130;117;25141835980800000;true;false;2689467.633995768614
63;easy;e211cb6335ff895bce7d95d9e1a3312373d7200a95a72bd067bfa2a6a2f95cb4;inputs/p40_grid_convex0_spacing3.bin;45;40;grid;3.0;0.0;258;395;0.002824;126;8987429251842048000;true;false;146198.284360367048
64;medium;9e0497cec1fda8eb18087075167feb9c851bc6132969d0a43bf7ba4085efa370;inputs/p40_grid_convex0p5_spacing2p5.bin;12;40;grid;2.5;0.5;271;1175;0.018622;77;477757440;true;false;364920.346422516217
65;hard;48d972bc076ecadc5acb880aa68f05ab06feca4c8580e9f7af44ab3dfecf5e3a;inputs/p40_grid_convex0_spacing3.bin;42;40;grid;3.0;0.0;258;79149;0.561002;153;1761536133361041408000;true;false;28222658.448164146394
66;easy;1c7bcefa28d7d23c9889cf86dac526ab77f6ac4c8a4e00410fc3dfa3251f2c76;inputs/p1_grid_convex0p5_spacing1p25.bin;67;1;grid;1.25;0.5;58;7;0.000004;3;3;true;false;8.750000000000
67;medium;d9a0ff0336bf72f3816f09cc9a9bc7f36c824e3bc1099905f22bd60e7bc868dc;inputs/p40_grid_convex0_spacing2.bin;20;40;grid;2.0;0.0;256;19874;0.135001;127;8217078173112729600;true;false;4745078.725607728586
68;hard;2d74a0769059e2ee27e4cd5b39a8d9ef276d15f6242236e90a066f81b5bc6a54;inputs/p40_grid_convex0p5_spacing2p5.bin;13;40;grid;2.5;0.5;271;29952;0.481090;99;49766400000;true;false;8996052.597743405029
69;easy;e5226381004e26b1d28c16c16568c8b4b852b5fc5dff16d99d92bcabd0be4261;inputs/p40_grid_convex0p75_spacing2.bin;1;40;grid;2.0;0.75;277;303;0.007115;58;20736;true;false;80679.950260962112
70;medium;c9512c223601c029d5367387f55333ab8bb9912685964cf2fe65a86bb9169541;inputs/p40_grid_convex0p75_spacing2.bin;37;40;grid;2.0;0.75;277;1435;0.028767;56;9216;true;false;331449.445058789104
71;hard;a3558bd574ff840ad2dc70be595fa6789b70f4bade092f216ac48ed649e7eccb;inputs/p20_grid_convex0_spacing1p25.bin;41;20;grid;1.25;0.0;184;89802;0.258014;65;8062156800;true;false;4450178.234187594615
72;easy;89e8a3c852917a1b9eb918d3d57dab287009e632c5078b2f2fed0113f56ebe11;inputs/p3_grid_convex0p25_spacing1p25.bin;50;3;grid;1.25;0.25;86;8;0.000013;5;4;true;false;24.531940436160
73;medium;42e129b12d9c2329329fac92ece3e36549704ab62b64b79f878d64b3e458071e;inputs/p20_grid_convex0_spacing1p25.bin;48;20;grid;1.25;0.0;184;540;0.002837;66;3583180800;true;false;24728.370922571168
74;hard;602ae7af456152e499911ffe90e0afcd03bfcddad46e773c69895f8d22c6699b;inputs/p50_grid_convex0p25_spacing3.bin;24;50;grid;3.0;0.25;300;35269;0.494266;134;877678637875200000;true;false;18719598.329868633300
75;easy;f05ada2bad39cddcaef9ca237a6c2710bfd9f6c87a4dd16676924e11c053adfb;inputs/p1_grid_convex0_spacing1p5.bin;4;1;grid;1.5;0.0;45;5;0.000005;2;2;true;false;7.500000000000
76;medium;416d7fa28eea515c1ef996f68c7584c986c5a8e534c73d2b33f97d73dff69752;inputs/p50_grid_convex0p25_spacing3.bin;15;50;grid;3.0;0.25;300;3693;0.048657;125;99067782758400000;true;false;1959461.682014440419
77;hard;a62da183e8c63f88ad1602e6539ac0fd86c7fce7e6c1cb899398a87219921738;inputs/p30_grid_convex0p25_spacing1p1.bin;66;30;grid;1.1;0.25;225;49210;0.528405;72;4837294080;true;false;3608436.456418744754
78;easy;dcade67518eb452ed976a12570a6a9914fe455dac46ecbe51e0ffe755c095884;inputs/p1_grid_convex0p75_spacing1p1.bin;33;1;grid;1.1;0.75;64;3;0.000002;1;1;true;false;3.300000000000
79;medium;5017c38987faf448b8f7815df9470578770e5688033ad99aa492b01349aece2c;inputs/p20_grid_convex0p25_spacing1p5.bin;38;20;grid;1.5;0.25;192;1989;0.012202;57;20736000;true;false;101577.781312670879
80;hard;081a20e90336f4d1de8d476ff2bda84e820b0ac16a4f16498c399dc3cb0d70ef;inputs/p40_grid_convex0_spacing2.bin;29;40;grid;2.0;0.0;256;27043;0.201287;140;213986410758144000000;true;false;6836580.952315938659
81;easy;b2c6a7c4633bd12cd78bf0c8c91463c8a09f1e88724568b2bfd3c41e5756b456;inputs/p3_geographic_convex0p5.bin;87;3;geographic;;0.5;91;10;0.000017;6;4;true;false;4556.754863745481
82;medium;c6e15a56e54951adffcfc219598870b8d5bac5981c903773f611f329c7abe121;inputs/p30_grid_convex0p5_spacing2.bin;62;30;grid;2.0;0.5;235;1814;0.022897;57;2073600;true;false;285702.722296577354
83;hard;59e721e54ed27e0783265da4b639994b361c3568d278a6c91a46642f09ea9fe6;inputs/p20_geographic_convex0.bin;26;20;geographic;;0.0;182;79019;0.350784;63;2229534720;true;false;109969538.706226602197
84;easy;b6a3cc3813b60da80ab483b9a12fec48c3033ec1f5c58a7db13fb6d030641b74;inputs/p10_grid_convex0_spacing2p5.bin;6;10;grid;2.5;0.0;152;179;0.000546;32;62208;true;false;6288.142322878956
85;medium;c5f48c75babba26e4429effd67139b5f4501914e0d4cdce07df6eb449471ced2;inputs/p10_grid_convex0_spacing2p5.bin;37;10;grid;2.5;0.0;152;649;0.001875;31;43200;true;false;18188.281931549023
86;hard;390dc686f29c54773af8ce1c55d8ded145ea29e52ac7da2ed3fed32de7fc26f6;inputs/p30_grid_convex0_spacing1p1.bin;68;30;grid;1.1;0.0;218;26537;0.167951;112;13869489586176000;true;false;1885645.499088157201
87;easy;0674f3ea1e0b8727e06d0b204df923631f6ea0c47ba1b4c2004a18b99d0357d5;inputs/p10_geographic_convex0p25.bin;16;10;geographic;;0.25;154;118;0.000589;36;60480;true;false;66382.106600567131
88;medium;a9ed0003aba776ad6a8e83d8e4f9a309bfd3d82f08a42025cd881509d3adbf41;inputs/p10_grid_convex0_spacing3.bin;16;10;grid;3.0;0.0;153;642;0.001368;38;466560;true;false;34549.192660292960
89;hard;212e981d0468bd6f3941e4292b9310bf13710c4d80cb5802bcdfd3e9416c06a9;inputs/p40_grid_convex0_spacing3.bin;55;40;grid;3.0;0.0;258;31130;0.213626;137;41085390865563648000;true;false;12560885.689003169537
90;easy;94d3e0517899c6412f46fb290847fc9dc5568706a50e7f708200ae235119e9a9;inputs/p30_grid_convex0p5_spacing2.bin;72;30;grid;2.0;0.5;235;257;0.003225;56;1382400;true;false;37673.810596719486
91;medium;8ece4cfa101dcd1dadcf571de9b0b1ee44f30b84f740ad2189446bf35a33dd0e;inputs/p30_grid_convex0p5_spacing2p5.bin;96;30;grid;2.5;0.5;236;3383;0.035746;60;6998400;true;false;680302.891096702660
92;hard;9b6d814fd2e16066fbd7e142e79a2e450143ef6d0283f7ff6e5a796b866bb9c5;inputs/p40_grid_convex0p5_spacing2p5.bin;71;40;grid;2.5;0.5;271;29668;0.413269;85;3822059520;true;false;10433437.180507307872
93;easy;2d5fb210ac53784b59cd7a4f80ba038039b10126c835a0bb9d569827aa3b5764;inputs/p5_grid_convex0_spacing1p1.bin;43;5;grid;1.1;0.0;113;31;0.000050;17;432;true;false;156.528224670645
94;medium;8953cc768616401897d9b85461034c7d9e2ea1bdc37a6d916c882ed944351f7d;inputs/p40_grid_convex0_spacing3.bin;84;40;grid;3.0;0.0;258;10785;0.077412;123;1617737265331568640;true;false;3933589.989921052475
95;hard;8dea03841a4a1f4d02f01e23d2eeaf5ebddb820dcaedffb4963841055b8afa52;inputs/p20_grid_convex0_spacing1p25.bin;56;20;grid;1.25;0.0;184;41005;0.171119;61;2149908480;true;false;1775599.776698444039
96;easy;2c9b8b10254060ef8692c05df6cad46a31ac1bc0d9a29627b40365602420e128;inputs/p1_grid_convex0p25_spacing3.bin;66;1;grid;3.0;0.25;55;6;0.000004;3;3;true;false;18.038854705532
97;medium;3fa96e74f4f4caaf74e4100b3c36c8470cd34cf1895a5aa7807d9a78b82bf10a;inputs/p30_grid_convex0p25_spacing1p1.bin;59;30;grid;1.1;0.25;225;1770;0.025452;85;106420469760;true;false;126508.807708382345
98;hard;1217f0913e35de41bde86e4cfe19abfc325f7e7b4e2c2acf660874a2761a4e6c;inputs/p50_grid_convex0p25_spacing3.bin;69;50;grid;3.0;0.25;300;39646;0.610334;116;7522959753216000;true;false;20552093.902464129031
99;easy;65863d4c01cb96f6a0d0dc1c5925efe33cfe940bdccfe5c1da01a03714a57de7;inputs/p10_geographic_convex0p5.bin;99;10;geographic;;0.5;161;151;0.000650;21;240;true;false;140929.757748266245
100;medium;dc43eed97ae5500b82ba4ac6dd82dc4587a9842ffc45dd4aaf92b9b8b757a5aa;inputs/p10_geographic_convex0p25.bin;81;10;geographic;;0.25;154;1263;0.004784;32;24000;true;false;709785.035590503248
101;hard;5f9eb93c4a66f3f6588c7a3bdac2730930a5ddfa70fbf9f5110a0c5bb72945d5;inputs/p30_grid_convex0p25_spacing1p1.bin;32;30;grid;1.1;0.25;225;24545;0.272451;68;1274019840;true;false;1866474.889202290680
102;easy;8fcea1841984dbfbb84d0af2f284bc97e12486296280a898ae8a7df438038e52;inputs/p30_grid_convex0p25_spacing1p1.bin;81;30;grid;1.1;0.25;225;356;0.005071;78;17199267840;true;false;28612.585277124526
103;medium;20c347675fe9980211483535ff38c2c9c9f0c180cede68d2e8695d4dd1bb0b82;inputs/p20_geographic_convex0.bin;86;20;geographic;;0.0;182;1566;0.006240;54;159252480;true;false;1430913.477102070814
104;hard;15cf97a054268380f37554975f651b24dcdc11b39ada4fc66739dbae5b4a78b7;inputs/p40_grid_convex0_spacing2.bin;79;40;grid;2.0;0.0;256;67708;0.459741;105;15407021574586368;true;false;16983457.071884095669
105;easy;e1ecf681723cd47795d07e48636c68405d9ecf1ec16549cc516fc7131ba60ad6;inputs/p1_grid_convex0p25_spacing2p5.bin;55;1;grid;2.5;0.25;54;4;0.000005;2;2;true;false;10.002679022656
106;medium;f9a0ff91bc965c239bbd56b72050d19e622aa665d9119baa7b046542c401eaff;inputs/p30_grid_convex0_spacing1p1.bin;66;30;grid;1.1;0.0;218;4432;0.032881;93;23482733690880;true;false;308350.773059955391
107;hard;2655538ba819520cc2f20c3415ac070c9653c471eed30ec64d5a79084e95da89;inputs/p20_geographic_convex0.bin;38;20;geographic;;0.0;182;26580;0.150119;81;66134880000;true;false;29702840.311154562980
108;easy;3be5a537c4a2d2619a65907cc2e128a826a92c405be5f0515d13e01e9a6ff266;inputs/p20_grid_convex0p25_spacing1p5.bin;1;20;grid;1.5;0.25;192;225;0.001793;54;20155392;true;false;13744.184227456055
109;medium;38cd7054970016c212fdaf0e1f1cf82eaed4ff167b80e7f7f79c2a9b6492f485;inputs/p40_grid_convex0p5_spacing2p5.bin;77;40;grid;2.5;0.5;271;4396;0.063815;85;4408992000;true;false;1273346.536934949923
110;hard;76f6372db6c21c5e9a94783018cf59bd8f2cb7afdb2354bbc8675320e96f8519;inputs/p30_grid_convex0_spacing1p1.bin;99;30;grid;1.1;0.0;218;32330;0.174202;105;2247370997760000;true;false;2372267.506188877858
111;easy;219fbcadcea87b439d448794a233451dee8633bd964879fd6269f9a86adf23ca;inputs/p20_grid_convex1_spacing3.bin;38;20;grid;3.0;1.0;216;22;0.000287;20;1;true;false;2890.852409303282
112;medium;6d11599681358d7852b5f58ce8cb321779e58337a080ea19dabe4e29e2b9b96c;inputs/p40_grid_convex0_spacing2.bin;45;40;grid;2.0;0.0;256;10185;0.080697;157;11598591824599449600000;true;false;2594420.176144713070
113;hard;488be2a5479a0c737f3888ac58dfefa438a58e8ae9a337d4b70c4b0bc284e960;inputs/p40_grid_convex0_spacing3.bin;6;40;grid;3.0;0.0;258;21299;0.141364;108;17752946670305280;true;false;7951792.862748694606
114;easy;73d908ad7b3ad831d6abffda9ebcbdc4915d64bcec219994e8d975bea1d1a9f3;inputs/p10_grid_convex1_spacing1p25.bin;45;10;grid;1.25;1.0;177;12;0.000122;10;1;true;false;194.784168521321
115;medium;7364e8e1e33d1252f486fa5716dd0a4a0291da2fbd1847ba1402576ac09a4b73;inputs/p40_grid_convex0p75_spacing2.bin;60;40;grid;2.0;0.75;277;1029;0.018514;69;241920;true;false;239856.654796462331
116;hard;f70fd45ed35fc1586261ea09a95d3e9f057b8138cc5a9136ce21a345eb3510c3;inputs/p40_grid_convex0p5_spacing2p5.bin;53;40;grid;2.5;0.5;271;20018;0.313404;84;2799360000;true;false;5948986.894778975286
117;easy;b43d2fff2e42c3ca3df4eac02ae50a7ba9c87a1a36d4d05004bb48a7263d0b22;inputs/p3_grid_convex0_spacing2p5.bin;92;3;grid;2.5;0.0;82;10;0.000010;7;12;true;false;67.660216303687
118;medium;18003d921aac12fdf34b0c09173f73a75a0d22c4be73714bc6dcce2f633255f9;inputs/p20_grid_convex0_spacing1p25.bin;43;20;grid;1.25;0.0;184;2938;0.016501;71;15963070464;true;false;137053.294384030625
119;hard;d42f028e2bb4eab4a05a89f37884d26a801175153139bb485854ccaef893671b;inputs/p20_grid_convex0_spacing1p25.bin;71;20;grid;1.25;0.0;184;23855;0.104873;58;353894400;true;false;1324951.534142894670
120;easy;89afb02dcbc7cfb92dd694d1cebbf085feb691d6e29ad1a81d93dfdb3e72e667;inputs/p50_grid_convex1_spacing3.bin;2;50;grid;3.0;1.0;321;52;0.001711;50;1;true;false;30372.386999924456
121;medium;34ea5eef88210f0a4289238f46fcc7ae09eefda4892b742b52ac78a3febaf7bf;inputs/p50_grid_convex0p25_spacing3.bin;16;50;grid;3.0;0.25;300;9117;0.133321;132;1128443962982400000;true;false;4512891.766441248357
122;hard;0ca1e06dee341e6e426a7b0aed3203fa3085bc67efda72affa32fe654391027b;inputs/p50_grid_convex0p25_spacing3.bin;67;50;grid;3.0;0.25;300;53159;0.671590;119;13481143877763072;true;false;30050232.758618254215
123;easy;009e40497afaeda4d34e9a5244afc3052bd8bdda4fa60d6af02f5daae2c2247a;inputs/p20_grid_convex0_spacing1p25.bin;11;20;grid;1.25;0.0;184;228;0.000862;47;14155776;true;false;11783.993559273664
124;medium;7722d095977b33fb6316d3851b9125ef84172fa84fdb664eeb3f6a7526235355;inputs/p20_grid_convex0p25_spacing1p5.bin;90;20;grid;1.5;0.25;192;664;0.003020;46;1555200;true;false;41542.554645386466
125;hard;3cdb78c83976a458cc1153ccc819805ab13e5e337447a2f2d6d0deb61262cb0f;inputs/p30_grid_convex0p25_spacing1p1.bin;6;30;grid;1.1;0.25;225;31431;0.299325;78;27088846848;true;false;2209450.102756033186
126;easy;069a7da21ef8ce7415502270bee7e54bb85911afc0b83e975b71c09b80911cf1;inputs/p50_grid_convex1_spacing1p1.bin;13;50;grid;1.1;1.0;316;52;0.001845;50;1;true;false;9297.749282890118
127;medium;af2808ff4881fe22bdb4b01b503d4505e138403be3735555566fb471b6edd10b;inputs/p30_grid_convex0p5_spacing2.bin;2;30;grid;2.0;0.5;235;3234;0.040680;62;7464960;true;false;468435.897854903247
128;hard;e8d58ca07ba0cd577fa61f8b539f321c7c565ad6a77d7b7a017da69755651d2a;inputs/p40_grid_convex0_spacing2.bin;92;40;grid;2.0;0.0;256;61881;0.414889;123;1217344914535219200;true;false;13904161.103596830741
129;easy;28db1fad86a6d173a5ddb7cbba56a91aac58b0b4823363df449f911fd95f3daa;inputs/p30_grid_convex0_spacing1p1.bin;41;30;grid;1.1;0.0;218;277;0.001720;87;13209037701120;true;false;20321.150877027358
130;medium;21762e19014d364f796de13257afd1f487a5ddd0411468056ef66f2e819ff55a;inputs/p10_grid_convex0_spacing2p5.bin;63;10;grid;2.5;0.0;152;570;0.001020;41;362880;true;false;22365.661802316587
131;hard;07b3898fa9fb2d4aa887cf7297cd8b95e1786269da3a701dd10aef9b5dac8e17;inputs/p20_geographic_convex0.bin;77;20;geographic;;0.0;182;22949;0.133402;64;4031078400;true;false;14634736.492921328172
132;easy;a11417984d99d4be20111c505b9e28de3b3b62f32ad849c8fe47c92d4d472cb2;inputs/p5_grid_convex0p25_spacing1p25.bin;18;5;grid;1.25;0.25;121;11;0.000027;9;16;true;false;62.078127869042
133;medium;3d57fed7e4ad5e629d0db05c37fca776ec59aaf9d07134fff087c890c3cfff80;inputs/p10_grid_convex0_spacing3.bin;67;10;grid;3.0;0.0;153;1086;0.002158;38;122880;true;false;48809.919667258160
134;hard;caae5355713069a7eb10851c44b3abe74659582428ef0b7f0182b43e445800df;inputs/p30_grid_convex0_spacing1p1.bin;38;30;grid;1.1;0.0;218;21106;0.133017;100;422689206435840;true;false;1474456.693176639965
135;easy;a36ff62858fc974a4b185fb122e9be04300fdc5ab6ed8b346f64add864c02228;inputs/p10_grid_convex0p25_spacing1p25.bin;83;10;grid;1.25;0.25;156;88;0.000293;22;1152;true;false;1402.496252766153
136;medium;88865bec9c1cfd6a715e1d46e016041e7c41760e64b02c61b5118af2daa60463;inputs/p30_grid_convex0p5_spacing2p5.bin;50;30;grid;2.5;0.5;236;3402;0.039927;55;1679616;true;false;670798.264274931629
137;hard;ae15be3693da240ebc6f28dcac83e3a4a988345cdcfa935dbf67aa28b579c12a;inputs/p40_grid_convex0_spacing3.bin;28;40;grid;3.0;0.0;258;75771;0.640064;155;8776786378752000000000;true;false;29445392.288114156574
138;easy;3e1ca92996ac6c2b71e747a9a725dd8a1e237618118defb5ef676c14634de1df;inputs/p10_grid_convex0p5_spacing3.bin;83;10;grid;3.0;0.5;167;22;0.000117;17;72;true;false;968.545665731291
139;medium;736dc0e945e24a266ac8d1fd5da50ae97bc730afb6142cce67284f098fc7c42c;inputs/p40_grid_convex0_spacing3.bin;35;40;grid;3.0;0.0;258;8577;0.069089;176;3266533992959999385534464;true;false;3312003.432786105201
140;hard;c8f8a550763efe170ccf2134ba488f16d78479bede8c8895af91a0908689f69d;inputs/p40_grid_convex0p5_spacing2p5.bin;3;40;grid;2.5;0.5;271;24954;0.363136;80;1289945088;true;false;7709320.856072340161
141;easy;26352a4cae93ca3fb8b21ee31ce9d26da71466a4166edde7ca27d32a1a80f315;inputs/p10_grid_convex0_spacing3.bin;72;10;grid;3.0;0.0;153;313;0.000698;31;51840;true;false;12506.261455282236
142;medium;f6b1934e8edf601f5fdf9c69f5cfdf52a1f8a3c15e562223752b97bbfb632548;inputs/p30_grid_convex0p25_spacing1p1.bin;75;30;grid;1.1;0.25;225;515;0.004532;76;6449725440;true;false;35158.019026754941
143;hard;c8219fd1a2b3b06cc964a80706cb24e41abbc46c0638938e8fe8d0d9f9d1cb0d;inputs/p50_grid_convex0p25_spacing3.bin;2;50;grid;3.0;0.25;300;73203;1.000356;124;142818689064960000;true;false;39811644.465579636395
144;easy;5ad73955639bda2f33f4caecea410c0cb7be6d9769d97cbde3c023991dc412bb;inputs/p3_geographic_convex1.bin;47;3;geographic;;1.0;105;5;0.000013;3;1;true;false;1176.863405747493
145;medium;bf9e7dfc8d30a391e27bd970ca809428c45261209d41afad4bb57d43fa98b755;inputs/p10_geographic_convex0p25.bin;35;10;geographic;;0.25;154;558;0.001533;38;72900;true;false;304704.022132904851
146;hard;1b5a04214c356ab00a47721a39f5881a6f38e0e914bcc5738351b10622b24ee7;inputs/p40_grid_convex0_spacing2.bin;81;40;grid;2.0;0.0;256;47546;0.342084;158;4393854300900556800000;true;false;12404379.423159284517
147;easy;f982f586f847da66c90628062824c4c6d72eb543c100482ee402d8635b758da9;inputs/p3_grid_convex0p75_spacing1p1.bin;3;3;grid;1.1;0.75;99;7;0.000023;4;2;true;false;17.902206865503
148;medium;43f4b4020bf0823a0a5f1b130ad49a7ab234952a6f046f09c9ff93b60cd69ed4;inputs/p20_geographic_convex0.bin;28;20;geographic;;0.0;182;7966;0.042465;53;134369280;true;false;5302869.058893944137
149;hard;ecefdff2e87719a3964cf84dcf55d5e16fb92767ef067884d27dc79e001969e4;inputs/p30_grid_convex0_spacing1p1.bin;37;30;grid;1.1;0.0;218;53295;0.327080;95;205705930752000;true;false;4209527.292974856682
150;easy;7bc5c57e598ba15390ff814ae1563197669d2eb59f29db47bfe9742b53c0e457;inputs/p40_grid_convex0p5_spacing2p5.bin;29;40;grid;2.5;0.5;271;334;0.006667;87;4572288000;true;false;93148.962340617829
151;medium;49ec99bd12e8e01e85f74ec3d14fdaebbcd177529059c31baf8454a19fc28a49;inputs/p30_grid_convex0_spacing1p1.bin;80;30;grid;1.1;0.0;218;1029;0.006346;88;27862813900800;true;false;82475.801024106244
152;hard;760b52b6c412e1b78cdde0ab8f4e7f45ffab98889669f51ea66576f1e5e60a55;inputs/p40_grid_convex0_spacing3.bin;39;40;grid;3.0;0.0;258;44243;0.339338;129;3328677500682240000;true;false;16029348.230110069737
153;easy;9e6c6f4a4c9ed8121b2c163cc96087402e8af6118b2c1b40628c17ad1e000eb9;inputs/p30_grid_convex0p5_spacing2p5.bin;8;30;grid;2.5;0.5;236;317;0.003728;62;10368000;true;false;64483.446539049408
154;medium;43969b47457a89eae0e841aa0b9116a9d63a5a5925fd1e62b97b585f872e3a33;inputs/p40_grid_convex0p5_spacing2p5.bin;44;40;grid;2.5;0.5;271;8471;0.139837;87;5079158784;true;false;2824645.905610146467
155;hard;9e2855a26d9dd83e9799deedcaacb31341b1b6eb027aa32536cf6f04a3c4a6d8;inputs/p50_grid_convex0p25_spacing3.bin;8;50;grid;3.0;0.25;300;25494;0.318433;121;13695130288521216;true;false;12450288.171467930079
156;easy;3ccb92b12fc018fca57b014099adb8c30b22f048cf79f5608cd25977f4e64f13;inputs/p3_grid_convex0p5_spacing1p5.bin;87;3;grid;1.5;0.5;94;7;0.000015;5;3;true;false;26.850137309074
157;medium;fb4dd7ed75011937620a1a048ab89550b4680aef09df6615a0b688f8ce5492ef;inputs/p40_grid_convex0_spacing2.bin;60;40;grid;2.0;0.0;256;8092;0.056661;117;513567385819545600;true;false;1897708.018902412849
158;hard;6b7f178f92403fe680f78d30318e23c105b64820446bab2d475a6d11f638be0f;inputs/p40_grid_convex0_spacing2.bin;83;40;grid;2.0;0.0;256;29826;0.204341;114;71328803586048000;true;false;7662715.849154813215
159;easy;c049a8dc156260885695462cec49a9dbdd6c43b590ca6ef6096c0d69e56ff059;inputs/p5_grid_convex0p25_spacing2.bin;67;5;grid;2.0;0.25;123;13;0.000023;10;24;true;false;125.081294534963
160;medium;50cc764aefa1b4ec1485733063b4b45c025063e96354c795a0d72cb2d44ef699;inputs/p40_grid_convex0p75_spacing2.bin;89;40;grid;2.0;0.75;277;579;0.010709;61;46656;true;false;148826.574124303355
161;hard;7681d6a96c842b5d15bb9258088be31c51b9834a88f0b835e405eb4525886249;inputs/p30_grid_convex0_spacing1p1.bin;96;30;grid;1.1;0.0;218;43342;0.229551;87;19591041024000;true;false;2966180.022869433276
162;easy;173049da76dc2248a92b125a40144e8a2c2abf2b708376c65289f1da17f5741e;inputs/p3_grid_convex0p25_spacing2p5.bin;0;3;grid;2.5;0.25;89;7;0.000018;5;4;true;false;46.179613812571
163;medium;e540e88b0ca2cddc758b0a4d432699b7a1e800b7a4f73f006fd412db76c48d0e;inputs/p20_grid_convex0_spacing1p25.bin;42;20;grid;1.25;0.0;184;2623;0.013239;67;3822059520;true;false;122859.370264909448
164;hard;9254a460bd051ef03d05bbb53e4fff2a907f7143bdd2b73f59e0fe742075b528;inputs/p40_grid_convex0_spacing3.bin;60;40;grid;3.0;0.0;258;21137;0.138410;132;16434156346225459200;true;false;7339136.535036426038
165;easy;03bb9808b37151833d520e209cf3bfa6d31207bbbd4187523412f248624ee50a;inputs/p20_grid_convex1_spacing2.bin;40;20;grid;2.0;1.0;214;22;0.000316;20;1;true;false;1911.097885403000
166;medium;6f235d4820449b16647bd8c1c5f64d4ff106f2472b41a406c1abfeeb683654a1;inputs/p50_grid_convex0p25_spacing3.bin;23;50;grid;3.0;0.25;300;18483;0.262920;143;20804234379264000000;true;false;10209255.261527664959
167;hard;5cddf698fc45e6cdb90a0243dc2d82d7638a3e5e131e477a650d77bf63c9b32b;inputs/p50_grid_convex0p25_spacing3.bin;97;50;grid;3.0;0.25;300;40930;0.549819;180;22931425736074985472000;true;false;21174712.386535931379
168;easy;aaf3cec2c7cdcce1e594941711da05477147019361329713ab011da63045e109;inputs/p5_grid_convex1_spacing1p5.bin;72;5;grid;1.5;1.0;143;7;0.000038;5;1;true;false;58.302328665278
169;medium;7505534f6e1700d77b56fa979e13a9e2961427425b3d639f6e3c7c5f609f6fa4;inputs/p20_grid_convex0p25_spacing1p5.bin;93;20;grid;1.5;0.25;192;897;0.005537;49;3732480;true;false;49372.958776899824
170;hard;5954ee3d3759aa0e6f19cfacdb46d70b1715b253f1ffbff2352a8d8d33c2f423;inputs/p40_grid_convex0_spacing2.bin;49;40;grid;2.0;0.0;256;27565;0.190248;130;13541327555788800000;true;false;6492177.336469887756
171;easy;93fb0bc42e7415a33810b8f5762a9e064fea7e6527e5cbfa7887b6a7545cbe8a;inputs/p1_grid_convex0p5_spacing1p1.bin;42;1;grid;1.1;0.5;57;9;0.000006;6;6;true;false;10.081535169772
172;medium;c346cec7ca0018ff54752246d294744725b78f5feb0a6c9149d4be74c96582e3;inputs/p30_grid_convex0p5_spacing2.bin;40;30;grid;2.0;0.5;235;879;0.009621;55;1327104;true;false;135320.078905486473
173;hard;93887be3f39612450cb77768ad717524b8532a3b1bd02ac56106cdbfbef80dfa;inputs/p30_grid_convex0_spacing1p1.bin;48;30;grid;1.1;0.0;218;40726;0.270356;94;121899810816000;true;false;3075343.194286518265
174;easy;8bb7e44bd4e167d2655f64cf27f4a69a3b3ee36e17cba2af41a1a6d3b91a04bb;inputs/p1_grid_convex0p5_spacing1p25.bin;96;1;grid;1.25;0.5;58;8;0.000005;4;4;true;false;10.021332211257
175;medium;1713f63f6bf1fa3524461b14a2438336ee5561ab90897adcf7c725e4be4ab08a;inputs/p10_grid_convex0_spacing2p5.bin;51;10;grid;2.5;0.0;152;834;0.001679;37;172800;true;false;31141.890999809591
176;hard;1111622335e53032aa6500a008c14b73040a121e22ed1143c8b1778910802233;inputs/p40_grid_convex0_spacing3.bin;47;40;grid;3.0;0.0;258;59493;0.399240;119;962938848411648000;true;false;19521452.798402689397
177;easy;e2053f047884b82deea4abd31a2e37cad7355c08cd70b34bcc4e33efcca88c45;inputs/p40_grid_convex0p75_spacing2.bin;84;40;grid;2.0;0.75;277;221;0.004792;62;51840;true;false;53415.914436119187
178;medium;0903617103790c1c34bcd3cdbdb127a74e97dd6b982073032e8719325d924e7b;inputs/p10_grid_convex0_spacing3.bin;35;10;grid;3.0;0.0;153;1490;0.003835;35;90720;true;false;86302.207935225757
179;hard;d8887cfc537561c5d5f2d8a69dd44ac73c281f22b20027b234634786bb3ee910;inputs/p50_grid_convex0p25_spacing3.bin;90;50;grid;3.0;0.25;300;28013;0.389010;132;668707533619200000;true;false;14768902.926534140483
180;easy;37c6e2ce8117c1f5afcfeb308f5c15e28b6721c4e28a962e13bfab7ed796d7e5;inputs/p3_grid_convex0p25_spacing1p25.bin;83;3;grid;1.25;0.25;86;13;0.000021;5;4;true;false;40.481998104263
181;medium;affbe43cbe1fef768ebfca2c56c5d6e8f4f32c94b4075ccb4e0d3d2d9ed38ead;inputs/p30_grid_convex0p5_spacing2p5.bin;74;30;grid;2.5;0.5;236;636;0.007714;62;3981312;true;false;129265.408650278696
182;hard;dd3016413c7cbcf2e89112bfb14a1120fdabd48247cb38db55ef1d1b12e328f9;inputs/p40_grid_convex0_spacing2.bin;39;40;grid;2.0;0.0;256;73576;0.505494;126;9749755840167936000;true;false;18163648.787950024009
183;easy;9eedd499e152ee3e110e0d6f524065829cd5e294c354fea094810e74e238ab80;inputs/p1_grid_convex0_spacing1p5.bin;14;1;grid;1.5;0.0;45;7;0.000011;3;3;true;false;10.500000000000
184;medium;7056a08019d6d603f370a2e305375418faf035bff2b2449db20b1228df85aae9;inputs/p40_grid_convex0_spacing3.bin;79;40;grid;3.0;0.0;258;1046;0.006181;129;9786311852005785600;true;false;352266.398921564454
185;hard;d4fc8cb7f83bc1131c765a4f7a9b6c5b3bd6ef3464964fa4121c458a5a9110f5;inputs/p30_grid_convex0_spacing1p1.bin;34;30;grid;1.1;0.0;218;37519;0.222202;89;29720334827520;true;false;2940877.781138041057
186;easy;74b1c585588cd1ddff5b20e42c7c5d660a22a14de2bfb18e198b5b0c75c2202e;inputs/p1_grid_convex0p75_spacing1p1.bin;43;1;grid;1.1;0.75;64;3;0.000002;1;1;true;false;3.300000000000
187;medium;88b4e1ea636a5e5557c49de457cb26e4c8cca8ec184a82236e4da37ea987f077;inputs/p30_grid_convex0p25_spacing1p1.bin;98;30;grid;1.1;0.25;225;2352;0.028751;62;214990848;true;false;191886.892017011764
188;hard;275a55347d0fe44a4cd0c24f2b1b580df918c72c4272655c689a4e044da4fb2f;inputs/p40_grid_convex0_spacing3.bin;52;40;grid;3.0;0.0;258;43883;0.302485;131;17118912860651520000;true;false;16116814.923398843035
189;easy;56bf1c840332083fd0dd283ede3a60d96401a2730d61014314b23accab18d228;inputs/p3_geographic_convex0p5.bin;38;3;geographic;;0.5;91;6;0.000012;4;2;true;false;1287.068482566494
190;medium;d240eda4cb8b7ef9ff4c071aaf342e0fc5495d63c9ef1888b7478b3306c33fd4;inputs/p20_geographic_convex0.bin;53;20;geographic;;0.0;182;8450;0.041665;65;5598720000;true;false;5951874.087173548527
191;hard;71181d6835e47691d5fc4c14a205f9e14a1ae363693b29f0ff6d0984ad4fe9da;inputs/p50_grid_convex0p25_spacing3.bin;39;50;grid;3.0;0.25;300;71685;1.050623;133;499301625102336000;true;false;36809308.639623507857
192;easy;1dcf8c5fca81b6fb0dbbbf21643f060d967f4c4daa2028eb20ecd4c139356766;inputs/p10_grid_convex0_spacing2p5.bin;89;10;grid;2.5;0.0;152;341;0.000528;35;108864;true;false;12073.248340778828
193;medium;d4ca587685dbd61d746656dca0f6f5dd1bd8edc027483beae03b13ed4a1b1dbf;inputs/p30_grid_convex0_spacing1p1.bin;73;30;grid;1.1;0.0;218;1481;0.007490;96;92876046336000;true;false;118982.354147220991
194;hard;24bacad7f93bf983df65dccc4f77bcd873b2b52e6ff59c31725aec2841ff6994;inputs/p40_grid_convex0_spacing2.bin;1;40;grid;2.0;0.0;256;45094;0.300694;100;1408964021452800;true;false;10125491.178555684164
195;easy;d150be2487c739622b6ecf50036a4520033a01044fcfc20afed8fe8adb462075;inputs/p10_geographic_convex0p25.bin;55;10;geographic;;0.25;154;88;0.000224;39;6048;true;false;41404.296932408120
196;medium;8d54bbfb0d60ad74bf197fdbcf485a7c2ce1acf81b0a228260a1677c71bf8313;inputs/p40_grid_convex0p5_spacing2p5.bin;80;40;grid;2.5;0.5;271;608;0.010057;90;6569164800;true;false;186711.955135902885
197;hard;9b2b3cb45fad1a8ea89f284001f2189f3b8766132c3895680cd241948a82f9cb;inputs/p30_grid_convex0_spacing1p1.bin;13;30;grid;1.1;0.0;218;87757;0.489366;94;58773123072000;true;false;6359327.234387145378
198;easy;48fd493633dc797d5bd11a5a8210d43e81b389a85488aa6f513d8e16112f8d88;inputs/p30_grid_convex0p5_spacing2.bin;45;30;grid;2.0;0.5;235;268;0.002955;58;3732480;true;false;46766.780876967896
199;medium;7077367a0ad31e02dcbdb7df926aed94b1479d0a47bfdc20596cb640a4f85200;inputs/p40_grid_convex0_spacing2.bin;55;40;grid;2.0;0.0;256;1515;0.011612;115;342378257213030400;true;false;349636.873283686116
200;hard;d212c1e6d2734f959ef21d4cbbc3dccb449a8baf679451b91416a95865abd046;inputs/p40_grid_convex0_spacing3.bin;73;40;grid;3.0;0.0;258;58677;0.377025;112;100306130042880000;true;false;20267460.719253830612
201;easy;b904453db7e2704db72545910406e1d190d58508e505c41d10940a8e89c4e2f9;inputs/p5_grid_convex0_spacing1p1.bin;23;5;grid;1.1;0.0;113;24;0.000073;14;162;true;false;111.843419078289
202;medium;9a84e2a0032bf76d0490a9b818d50d0f7d04a0bb0bc115d46cb931143c98da04;inputs/p40_grid_convex0p75_spacing2.bin;5;40;grid;2.0;0.75;277;951;0.021593;67;279936;true;false;230236.329492279474
203;hard;33c1cc2385a7b767a8fc0c5de0f76edafbc5ca0efaee8abfd938e892c0c6fe6e;inputs/p50_grid_convex0p25_spacing3.bin;60;50;grid;3.0;0.25;300;20899;0.306632;127;90275517038592000;true;false;11485390.162094147876
204;easy;68111d3636919df06cec0f3e23b30e37ccef6662853b1a69b761c4d0ce998d02;inputs/p1_grid_convex0p25_spacing3.bin;8;1;grid;3.0;0.25;55;9;0.000034;5;5;true;false;27.096484902869
205;medium;2c001f5b4c8c78a48e1e6b308d244cf7f6e296e946b4a9f1865e4655cb005315;inputs/p20_grid_convex0_spacing1p25.bin;31;20;grid;1.25;0.0;184;862;0.004075;58;559872000;true;false;39635.341609874806
206;hard;b5f5dcae1db8b8664a5e2f3b8e525b38a30e703f8c13aca07e99f3ab65cd3e1f;inputs/p40_grid_convex0_spacing2.bin;91;40;grid;2.0;0.0;256;56590;0.385682;154;1095860905574400000000;true;false;12253556.456010887399
207;easy;724b71721afdad0becc8d8fd968127b3b722ecbbcae9693f8d67521603a44351;inputs/p10_geographic_convex0p5.bin;33;10;geographic;;0.5;161;54;0.000255;23;480;true;false;39147.373283277746
208;medium;c1c33ac709c039165be075609cfa5be9cf65d9a6166b3cb63079d20ed1fef591;inputs/p50_grid_convex0p25_spacing3.bin;40;50;grid;3.0;0.25;300;8583;0.131262;132;79888260016373760;true;false;4575271.630130142905
209;hard;ee0193d6c6a7767411665592ab584787be1cb508a75ae1ea5942f2056eda8694;inputs/p30_grid_convex0_spacing1p1.bin;89;30;grid;1.1;0.0;218;69925;0.398980;95;206391214080000;true;false;4887009.192505897954
210;easy;5d45d48f2f4b4bbe40463503acf03fa09183c71fcc8753f511c65310127a36d9;inputs/p30_grid_convex0p25_spacing1p1.bin;94;30;grid;1.1;0.25;225;499;0.006855;74;12899450880;true;false;40458.074479050141
211;medium;ec288d05bb1dca3e3b2695b55b06fbdeecd2638c5cce96b944c56294c809bd61;inputs/p20_grid_convex0p25_spacing1p5.bin;72;20;grid;1.5;0.25;192;1239;0.007981;49;2322432;true;false;64828.361207844013
212;hard;a6552a5cf55075d7d9d2ff30972cba74d44998242a74cfd20e89344ae1e78c9e;inputs/p40_grid_convex0_spacing3.bin;57;40;grid;3.0;0.0;258;87759;0.618602;115;180551034077184000;true;false;32927129.023208390921
213;easy;635be4935f53d17bbeeae2bec24450d3244187a34a09d24db4baa308fed81778;inputs/p1_grid_convex0p25_spacing2p5.bin;91;1;grid;2.5;0.25;54;4;0.000003;2;2;true;false;10.002010217597
214;medium;ba3973f53ab8edce7b294d032f0a24c9d57a38e283a6de4cd763c4d7277ce632;inputs/p30_grid_convex0p5_spacing2.bin;36;30;grid;2.0;0.5;235;4176;0.045481;58;4199040;true;false;666780.818383630598
215;hard;282fd57a6a2adc2c0717ddaf65b8df1e57b4bb37e5de088534b41ef73f46852e;inputs/p50_grid_convex0p25_spacing3.bin;66;50;grid;3.0;0.25;300;39875;0.583594;144;2427160677580800000;true;false;22690808.357169996947
216;easy;324e98f98d6a8679d511f68312e57169cc4e3c87ea5366a48859e24080c354e9;inputs/p20_grid_convex0p25_spacing1p5.bin;17;20;grid;1.5;0.25;192;270;0.001377;50;4665600;true;false;14310.968779629964
217;medium;ba209125a2d78c993e2c90f2d3196b84234508958c7ff037a794e474ffb38ce5;inputs/p10_grid_convex0_spacing2p5.bin;48;10;grid;2.5;0.0;152;1379;0.002010;33;69120;true;false;55971.887527534731
218;hard;f6f2bb082fc0850e9411247eca76d52222088ac526578df6d246f3f0d5db9b58;inputs/p40_grid_convex0_spacing2.bin;76;40;grid;2.0;0.0;256;63667;0.457321;128;2875977360589455360;true;false;14802169.207494575530
219;easy;1b03e84b51742b683c728065a01031475ff9c231ab47582acf3c0829f7dc8cf9;inputs/p20_grid_convex1_spacing3.bin;13;20;grid;3.0;1.0;216;22;0.000293;20;1;true;false;3227.657444355070
220;medium;55d925e020587f7568e38d7da875f395f17139ef71e605c2a509e3c12033bb65;inputs/p10_grid_convex0_spacing3.bin;28;10;grid;3.0;0.0;153;1146;0.003147;41;414720;true;false;49110.703676866236
221;hard;1a53640a51d4c0455f9bb0d1be0d8234909912daeb95d3f946a86ff2b523c598;inputs/p30_grid_convex0_spacing1p1.bin;56;30;grid;1.1;0.0;218;20025;0.110750;98;222902511206400;true;false;1742838.543973299442
222;easy;dac36d6a9f5ef755bf9898d0f397c337b7830d8a7b093aa431eac1a45133c6d3;inputs/p10_grid_convex1_spacing1p25.bin;24;10;grid;1.25;1.0;177;12;0.000138;10;1;true;false;175.624004646777
223;medium;c9a7b34deaf9483ced94f1471b89ce13bbd2d8a5ec08d20982111c7a39bc4161;inputs/p30_grid_convex0p5_spacing2p5.bin;44;30;grid;2.5;0.5;236;2350;0.027522;61;4976640;true;false;443720.934667223075
224;hard;af7eabc345ef60f45faf54dae9a8ed05117ea75738ddf406e7afb67793f84777;inputs/p40_grid_convex0_spacing3.bin;98;40;grid;3.0;0.0;258;25044;0.156952;120;608672457267609600;true;false;9327444.130638329312
225;easy;8439a6cc5b3a593789a479e6243935f281b205d4591d9ce03c87ee74442b27ce;inputs/p3_grid_convex0_spacing2p5.bin;28;3;grid;2.5;0.0;82;9;0.000010;7;12;true;false;65.198146157201
226;medium;8d6055586758005f9f6e060e283a65994a48be653843a038d1375c1f3b26b882;inputs/p40_grid_convex0_spacing3.bin;49;40;grid;3.0;0.0;258;3254;0.027594;105;2282521714753536;true;false;1257903.505368968006
227;hard;2a1c25f4351f862d9c4396e80694d1443cba9aedbfc2db982de2aa89886bc888;inputs/p50_grid_convex0p25_spacing3.bin;47;50;grid;3.0;0.25;300;59818;0.830420;136;3851755393646592000;true;false;30304431.149555191398
228;easy;0dab7b67b1e404568d8839ef7ab92b1c690c5f6276fafb7db5a9c1c7f61b46c5;inputs/p50_grid_convex1_spacing3.bin;7;50;grid;3.0;1.0;321;52;0.001567;50;1;true;false;26443.115733985836
229;medium;a46225d3d1da8da4c9fc0ba02b34f6662bc9f6d6c47de6bd1c2e2dc2371b66c7;inputs/p30_grid_convex0p25_spacing1p1.bin;47;30;grid;1.1;0.25;225;2468;0.025174;76;10701766656;true;false;174457.872845039994
230;hard;1a1240f7793ce5472699b2bd1d387be089687db74652b5685059dd05df29b6c1;inputs/p40_grid_convex0_spacing2.bin;77;40;grid;2.0;0.0;256;38214;0.255958;141;76779327241322496000;true;false;9301480.706072181463
231;easy;45828a48980579717e58e835012decc707fd3ab2d9548d1631b7d1446fd76b8d;inputs/p20_grid_convex0_spacing1p25.bin;79;20;grid;1.25;0.0;184;103;0.000527;51;71663616;true;false;4687.135450376009
232;medium;9c6d07db906ff3ee5efcf4cbe409390babfce588685f5ab1e8816f92a89dc358;inputs/p20_geographic_convex0.bin;94;20;geographic;;0.0;182;757;0.003401;54;179159040;true;false;571235.714313484728
233;hard;7e572c81ba4279be8426697fe1ec84c49ea48e130c4dd29ba4e2c7c71a1a3bd1;inputs/p30_grid_convex0_spacing1p1.bin;50;30;grid;1.1;0.0;218;42983;0.302596;95;156728328192000;true;false;3531300.374079999048
234;easy;22cfdcb0f2aa54be8b23ced0cafcb231e05cc3f148402081ab14391a522ca7af;inputs/p50_grid_convex1_spacing1p1.bin;6;50;grid;1.1;1.0;316;52;0.001780;50;1;true;false;8909.709960074189
235;medium;e224453690f33211c0a230e7be933c809035d080cb0b6628c5e3988e2aca55ee;inputs/p30_grid_convex0_spacing1p1.bin;55;30;grid;1.1;0.0;218;11230;0.085580;73;208971104256;true;false;691382.339016529615
236;hard;df2f5561bee6a4e666524b5f25c877dc24519d28e01121849d97689433b44460;inputs/p40_grid_convex0_spacing3.bin;75;40;grid;3.0;0.0;258;42952;0.291594;117;56505327943680000;true;false;15268676.569952201098
237;easy;b21f09721e10d1e158f335e2731107b1666cb7d4aa34232a4b291fcda02b8971;inputs/p30_grid_convex0_spacing1p1.bin;39;30;grid;1.1;0.0;218;437;0.003310;88;13869489586176;true;false;32444.161174923607
238;medium;c5f5f32d2502010d78980ba46eff51a8e40bb94430d213269396b935c60cb14e;inputs/p40_grid_convex0p5_spacing2p5.bin;73;40;grid;2.5;0.5;271;598;0.008459;84;2985984000;true;false;206011.984221389430
239;hard;aa802059461d0b4ec49ba1c53e0ad7f7f42605b1adc2aca6c21251e34cdcd2d9;inputs/p50_grid_convex0p25_spacing3.bin;94;50;grid;3.0;0.25;300;61230;0.806287;137;6018367802572800000;true;false;33464368.538167253137
240;easy;0671648232947fb9946ad6071e51f18ac4f3d3c43fba7213bee62d51568e849f;inputs/p5_grid_convex0p25_spacing1p25.bin;54;5;grid;1.25;0.25;121;20;0.000029;10;24;true;false;113.118627187213
241;medium;0c572c93bc3aff196d495b8a5708f6ff06fda4b5fa0c0cc96cb0bad2424d70d7;inputs/p40_grid_convex0_spacing2.bin;53;40;grid;2.0;0.0;256;2166;0.014339;109;45650434295070720;true;false;570101.871273405966
242;hard;1aa9806370848a56d3e466c3f5c023784a4b3b649b2bfefba2db5109d59160d8;inputs/p40_grid_convex0_spacing2.bin;72;40;grid;2.0;0.0;256;37629;0.255196;111;80886863266578432;true;false;9817600.473100505769
243;easy;a598df76c5f084aa6dc654b590ed3da70d288b283fadcf4ca97384a2d4aefd11;inputs/p10_grid_convex0p25_spacing1p25.bin;38;10;grid;1.25;0.25;156;70;0.000180;25;3888;true;false;1519.236220848917
244;medium;38ab86098b2aa4181c6d71f8de9014ac5b8e6b0c6a707c750410ebd75c09519b;inputs/p40_grid_convex0p75_spacing2.bin;24;40;grid;2.0;0.75;277;775;0.014041;67;51840;true;false;193485.119786112889
245;hard;0e9c03ff47f7ba3488a0e443f54bc9797e044bafaf52d6f1ea1cad8b7813e237;inputs/p30_grid_convex0_spacing1p1.bin;29;30;grid;1.1;0.0;218;28581;0.166977;84;8358844170240;true;false;2396776.174974262714
246;easy;aa160b160b60ca2a3b0bb88974696e635ccd2337f7ea9337ddccf1e22474dbe7;inputs/p10_grid_convex0p5_spacing3.bin;76;10;grid;3.0;0.5;167;67;0.000236;26;896;true;false;2920.064802145838
247;medium;d725e710ab32d926049b979aa1c105a5a8500b2a728b14b33e730b4a55ef1aad;inputs/p20_grid_convex0_spacing1p25.bin;14;20;grid;1.25;0.0;184;8616;0.045026;86;1481421312000;true;false;410347.095488657069
248;hard;c7eff8de060edc54f7a30bc6190c47ac847b01d2fa674eea64c6814cda2ace15;inputs/p40_grid_convex0_spacing3.bin;4;40;grid;3.0;0.0;258;25151;0.158056;137;113747151468625920000;true;false;10326129.211464803666
249;easy;383f04c90740bbe5e43f1e71bb14dcc4fd5d09e4cf22454dd7a6945d432e8af9;inputs/p10_grid_convex0_spacing3.bin;20;10;grid;3.0;0.0;153;171;0.000399;37;165888;true;false;6406.282747011800
250;medium;48e00c0db8d761871d77965f0d1616b284def5bdb31447d404130b88458e4473;inputs/p50_grid_convex0p25_spacing3.bin;36;50;grid;3.0;0.25;300;15956;0.206331;124;84257149236019200;true;false;8591260.913743011653
251;hard;0aac83bf7143b6984721f2ca980c58de65cc0f22f9b0dd41493ad6a0611b473c;inputs/p50_grid_convex0p25_spacing3.bin;46;50;grid;3.0;0.25;300;71889;1.074950;117;17332899271409664;true;false;37747151.493756756186
252;easy;4ec496627ace32bcb0782a6a9a087c6f1a516aeb6f9c2efdd33049a5d72667a5;inputs/p3_geographic_convex1.bin;4;3;geographic;;1.0;105;5;0.000013;3;1;true;false;1174.901447117922
253;medium;f43eb105b02f20c2c34d56d727c52f1c09bbba1bc850a21bc7d2c26840c1c3ef;inputs/p20_grid_convex0p25_spacing1p5.bin;85;20;grid;1.5;0.25;192;2723;0.012863;48;2985984;true;false;156701.894034474972
254;hard;387cda896fc4aeaf8ed80b114da025e92a20809ca7e90a4839679e356699a188;inputs/p40_grid_convex0_spacing2.bin;41;40;grid;2.0;0.0;256;71207;0.484842;114;152168114316902400;true;false;17822151.035423796624
255;easy;9807e9c84355e6b275e97287fbc0442a3afef1ce36ddc8c0bdd9387eacb637ec;inputs/p3_grid_convex0p75_spacing1p1.bin;52;3;grid;1.1;0.75;99;12;0.000019;9;7;true;false;32.621585856267
256;medium;2ab3961f971cc71253237e15687c502d7f03fb29ffe1392eda457aa565d7aa09;inputs/p30_grid_convex0p5_spacing2.bin;37;30;grid;2.0;0.5;235;590;0.006529;56;2099520;true;false;87719.106594837853
257;hard;cc895e84a319b9299961b11a6ea156708cff9fec03617ceb3a938822e56b1134;inputs/p30_grid_convex0_spacing1p1.bin;7;30;grid;1.1;0.0;218;77692;0.525597;112;26447905382400000;true;false;5404413.069886147976
258;easy;2bde1e1cb65e080e0ab38b803c75ff29460b712d2f1076a0e160b6f21c16c700;inputs/p40_grid_convex0p5_spacing2p5.bin;72;40;grid;2.5;0.5;271;377;0.004719;79;955514880;true;false;125706.447336346260
259;medium;cd2bfec4eb593f1184eecb2ab3e890f207cfe2507c33b10b59518772dcc7275c;inputs/p10_grid_convex0_spacing2p5.bin;25;10;grid;2.5;0.0;152;3418;0.006715;38;388800;true;false;129583.346996132619
260;hard;bef00ef5c558500576289704e0a3014e37c0810037922051f5a0a8b0df1fb4da;inputs/p40_grid_convex0_spacing3.bin;85;40;grid;3.0;0.0;258;50819;0.356573;122;124270626692136960;true;false;20254960.604155842215
261;easy;ff9a16f4bf61fab4fac740472b6157b8064c8d2a6fa9f81a1366c587fb6eebbe;inputs/p30_grid_convex0p5_spacing2p5.bin;86;30;grid;2.5;0.5;236;211;0.002766;55;1105920;true;false;41633.596938416173
262;medium;9081696ecef81bc14121c4bc313be872551fc469ccc4584645826bdf3cc098a2;inputs/p10_grid_convex0_spacing3.bin;32;10;grid;3.0;0.0;153;685;0.001380;33;76800;true;false;36437.086249385364
263;hard;17513e6afbb24db4bb397c9dc1e721807a922055d6f738af0aebd03a9be1466e;inputs/p50_grid_convex0p25_spacing3.bin;45;50;grid;3.0;0.25;300;59672;0.878679;132;594406696550400000;true;false;29114038.499083187431
264;easy;5335770ddd53fbec755ff2942cc05b4b5b58ee6ccaf363141c8c9a46fa013a20;inputs/p3_grid_convex0p5_spacing1p5.bin;72;3;grid;1.5;0.5;94;6;0.000013;4;2;true;false;22.226599611707
265;medium;c934def73fc1268a31b8b764606e8de6552a8aff555019aacc2060642fcc093f;inputs/p30_grid_convex0p5_spacing2p5.bin;79;30;grid;2.5;0.5;236;825;0.007724;51;373248;true;false;173414.763672958128
266;hard;70a16e04459aca3a11407e93e2f540512ea8c343556c8855d592a82144954bb6;inputs/p40_grid_convex0_spacing2.bin;4;40;grid;2.0;0.0;256;34674;0.234543;98;1014454095446016;true;false;8178056.310225722380
267;easy;2f5f8717f34f49492d7af22afc0a3098ae01c74b2869d98a9a20ba61f8c465d5;inputs/p5_grid_convex0p25_spacing2.bin;84;5;grid;2.0;0.25;123;41;0.000068;14;96;true;false;462.288601202454
268;medium;0c6e5abce026ca76ea9eabb544036d63187b85645e04b9b698069d52ccc107d8;inputs/p40_grid_convex0_spacing3.bin;81;40;grid;3.0;0.0;258;12069;0.086995;138;67960498972262400000;true;false;3906477.002700353973
269;hard;16d7b5740f39cf837767bc3f8407afbe4d2d59e67ccf9bb5c790eabf789c3bec;inputs/p30_grid_convex0_spacing1p1.bin;46;30;grid;1.1;0.0;218;51077;0.377793;82;2786281390080;true;false;3609486.571509162895
270;easy;c55d2d8640f0fe2a5f9e9a425c0a5e2ef0f78712ad0735e13d6e8d15692ead0b;inputs/p3_grid_convex0p25_spacing2p5.bin;15;3;grid;2.5;0.25;89;10;0.000017;8;10;true;false;68.913776340442
271;medium;87c544bc214153479f04aecb48bb45fc2a725c3d3a419f24928f217677ca40e6;inputs/p30_grid_convex0p25_spacing1p1.bin;96;30;grid;1.1;0.25;225;3224;0.037303;88;428554022400;true;false;279239.933729527227
272;hard;34090de549f391371604580faa9d866601435d0b7dde5c07d35c112f6c068ec6;inputs/p40_grid_convex0_spacing3.bin;8;40;grid;3.0;0.0;258;38411;0.266637;128;10532143654502400000;true;false;13762337.042649045587
273;easy;3cd4c80be3045345a3877b480b0aba7eca5be19979966406b21974c2ca89609d;inputs/p20_grid_convex1_spacing2.bin;32;20;grid;2.0;1.0;214;22;0.000324;20;1;true;false;1679.892590047654
274;medium;38ef7ff8c87d3206d7144fcd09eecb62dd5fa95a36832cf5084866d75ce8e007;inputs/p30_grid_convex0_spacing1p1.bin;22;30;grid;1.1;0.0;218;6043;0.035818;90;35224100536320;true;false;542543.334042713861
275;hard;2bcdaee702e0e6ba7440e77178861c3d6f007ab1cd319eff1b3a4fa221423bfc;inputs/p50_grid_convex0p25_spacing3.bin;7;50;grid;3.0;0.25;300;34496;0.458708;128;160489808068608000;true;false;18423193.847072046250
276;easy;51780aae8b827bad9c73e287a3a3e729960d0b434c8684f6a6787ab5675df950;inputs/p5_grid_convex1_spacing1p5.bin;99;5;grid;1.5;1.0;143;7;0.000033;5;1;true;false;48.992756399092
277;medium;a4aaca0e493695bfd66852cf9117071a532326ddc80c3fe89454366f7ee16188;inputs/p40_grid_convex0p5_spacing2p5.bin;75;40;grid;2.5;0.5;271;1638;0.026449;74;159252480;true;false;470884.773227942409
278;hard;f2497ef5a05dc7351e276c329c02d5e054f4bef6a88f8024672acd5cdf0528c6;inputs/p40_grid_convex0_spacing2.bin;73;40;grid;2.0;0.0;256;44766;0.316170;168;244934051746406413107200;true;false;10730650.214403837919
279;easy;ddaf576eaa7539faeb088f19bf88be6495d6a53028cd4f9ee59704bc02ea2c88;inputs/p1_grid_convex0p5_spacing1p1.bin;61;1;grid;1.1;0.5;57;5;0.000003;2;2;true;false;5.500000000000
280;medium;970ac002b82d504eb5f5fdd472f5a98e71e73f31bdf7533fe62a2658219c6ee6;inputs/p40_grid_convex0_spacing2.bin;6;40;grid;2.0;0.0;256;17585;0.113904;103;3962711310336000;true;false;4066088.065335198771
281;hard;e838116f685353da87bb26a7497eb11b6c4dcbdb0fa1d3e1cb33f681027e95e7;inputs/p30_grid_convex0_spacing1p1.bin;53;30;grid;1.1;0.0;218;36511;0.290871;98;260052929740800;true;false;2743576.431502623018
282;easy;7e4687ec376a7f0dfb36a465cecf5800943477b33dbd080a213b146fd69ee914;inputs/p1_grid_convex0p5_spacing1p25.bin;58;1;grid;1.25;0.5;58;5;0.000004;3;3;true;false;6.376234230746
283;medium;24e6c6935c4d7e6ad9779a12ef7435233d62a310e052f05b632e08197251fb1b;inputs/p40_grid_convex0p75_spacing2.bin;46;40;grid;2.0;0.75;277;1240;0.023548;65;124416;true;false;304235.211056510278
284;hard;870bdeaa4859ef5f578ba6dfb32decac8283040243adea57d49daa2e72f1619c;inputs/p40_grid_convex0_spacing3.bin;64;40;grid;3.0;0.0;258;64400;0.446657;137;213986410758144000000;true;false;26941966.323213934898
285;easy;b513455ab942292f368e6bda9c9b75bd70e57c1f3263e5aa898f18ca03e6e8f6;inputs/p40_grid_convex0p75_spacing2.bin;72;40;grid;2.0;0.75;277;67;0.001360;58;17280;true;false;14325.317073753351
286;medium;e8666aba29b6cbbf9fd60571801272418ae7192f6855087de60b8c4dd3c7cdfb;inputs/p20_grid_convex0_spacing1p25.bin;24;20;grid;1.25;0.0;184;3434;0.016652;55;223948800;true;false;135676.269168491359
287;hard;50ccf11d20ebb671550257aebf9fa7bbfdc8f1d6c5b961f8c93ae73891b3c075;inputs/p50_grid_convex0p25_spacing3.bin;26;50;grid;3.0;0.25;300;36839;0.517884;133;702142910300160000;true;false;19261314.644530333579
288;easy;fdd1a1a9b17be34aeb74c6d6d77447ca992ad1c8a8bb0ad8ac4a479b3be48c00;inputs/p3_grid_convex0p25_spacing1p25.bin;68;3;grid;1.25;0.25;86;13;0.000020;7;8;true;false;39.059284815266
289;medium;2316a8db9370f888d8dcff64a30d6ee54b71378bea11660545158ac98deb0c72;inputs/p50_grid_convex0p25_spacing3.bin;14;50;grid;3.0;0.25;300;17102;0.239531;117;8559456430325760;true;false;9762247.582683717832
290;hard;084adc65fd36dd9359556c9ee13081c5cc8301b8e51d8d8381a53f2e692be112;inputs/p40_grid_convex0_spacing2.bin;48;40;grid;2.0;0.0;256;21849;0.179886;138;18807399383040000000;true;false;5506111.750831132755
291;easy;058bd201d745b8ff63e8dee1d741832f668785d83e6e3d99fae76382d02ef855;inputs/p1_grid_convex0_spacing1p5.bin;42;1;grid;1.5;0.0;45;5;0.000003;2;2;true;false;7.500000000000
292;medium;145647adb1bcae4158fee803fa110ef6e523693f6cd7cf7abd1f8f93360006e7;inputs/p20_grid_convex0p25_spacing1p5.bin;13;20;grid;1.5;0.25;192;1254;0.008304;53;20995200;true;false;72468.583561564956
293;hard;83407b10a24c8e5f0dca3625ee7af7c3c37f7a8d0b78b81873514c3acad94c32;inputs/p30_grid_convex0_spacing1p1.bin;14;30;grid;1.1;0.0;218;40455;0.239846;93;67722117120000;true;false;2803698.523217474576
294;easy;be43e40d97116969793b0f846d5faa8f50cd7b3f126b68fa9d8f734c4740c7ff;inputs/p1_grid_convex0p75_spacing1p1.bin;1;1;grid;1.1;0.75;64;3;0.000004;1;1;true;false;3.300000000000
295;medium;cfef0dcd735a0e4c1dcb262ce4c9e3c1a6213c32341fe408243dec6e829bfaf0;inputs/p30_grid_convex0p5_spacing2.bin;75;30;grid;2.0;0.5;235;16935;0.183580;63;19906560;true;false;2485879.421210744418
296;hard;32af7fbe0cb7f3cd2001369a50be1ed2e43858b634b2995de7f12f75d8fa9580;inputs/p40_grid_convex0_spacing3.bin;33;40;grid;3.0;0.0;258;65014;0.557646;152;1456296406548480000000;true;false;23634086.439595967531
297;easy;e5586497ef5372250f41b1417a136185a386b70d673cef83df419addb2e5427d;inputs/p3_geographic_convex0p5.bin;19;3;geographic;;0.5;91;8;0.000015;5;3;true;false;1721.303982702837
298;medium;b933a8e06e86209cf84fb9cfac7c35fa900a14bd502536ea7f7c61096f487027;inputs/p10_grid_convex0_spacing2p5.bin;64;10;grid;2.5;0.0;152;813;0.001108;30;25920;true;false;32635.389827714800
299;hard;4fa28df2bcc457ebe3b13cf08b606aa996a3c419af3b8f6e060ff34671221fd9;inputs/p50_grid_convex0p25_spacing3.bin;58;50;grid;3.0;0.25;300;56944;0.842116;121;25076532510720000;true;false;26354945.021548677236
