k,n,Binary Search,TAMC,Binary Search (lazy)
50.0,150.0,0.000148,0.000404042,0.0001555
50.0,5150.0,0.047542042,0.013932125,0.000982042
50.0,10150.0,0.048503667,0.016456667,0.001863958
50.0,15150.0,0.077836334,0.033334917,0.002705709
50.0,20150.0,0.165623667,0.052199542,0.003752291
50.0,25150.0,0.1577865,0.039971917,0.00610625
50.0,30150.0,0.228347875,0.066447625,0.007552917
50.0,35150.0,0.338085416,0.069850417,0.007053958
50.0,40150.0,0.299388292,0.070380708,0.007159958
50.0,45150.0,0.343348917,0.081228375,0.008035708
50.0,50150.0,0.354719125,0.096426208,0.009089958
50.0,55150.0,0.389963125,0.120282583,0.026265084
50.0,60150.0,0.425720667,0.12173575,0.014485334
50.0,65150.0,0.513529917,0.127757542,0.020810416
50.0,70150.0,0.511601667,0.140483459,0.024847917
50.0,75150.0,0.615863,0.158679334,0.014273833
50.0,80150.0,0.622267417,0.160222875,0.015059916
50.0,85150.0,0.636095042,0.17173275,0.018049042
50.0,90150.0,0.695174708,0.194749959,0.018313083
50.0,95150.0,0.789018459,0.2204905,0.023617875
50.0,100150.0,0.830914833,0.21987175,0.019282208
50.0,105150.0,0.869246625,0.228595459,0.025649917
50.0,110150.0,0.947353209,0.248778333,0.026717541
50.0,115150.0,0.953179375,0.248534334,0.032355083
50.0,120150.0,0.998253459,0.253225666,0.028188458
50.0,125150.0,1.036162916,0.267571542,0.029212667
50.0,130150.0,1.094632583,0.275558417,0.030248708
50.0,135150.0,1.102283708,0.280846875,0.032506375
50.0,140150.0,1.1809715,0.294163042,0.034555667
50.0,145150.0,1.22898625,0.304700208,0.033144917
50.0,150150.0,1.301372125,0.3209395,0.040947084
50.0,155150.0,1.337704375,0.315974875,0.052997958
50.0,160150.0,1.376097708,0.341907334,0.044331625
50.0,165150.0,1.366407833,0.325325584,0.038754834
50.0,170150.0,1.566902292,0.380230417,0.05089775
50.0,175150.0,1.461059209,0.341336083,0.038014833
50.0,180150.0,1.603842041,0.369111417,0.041269875
50.0,185150.0,1.615738208,0.3898255,0.039090083
50.0,190150.0,1.651628208,0.40285025,0.061783333
50.0,195150.0,1.785194958,0.396841833,0.045715833
50.0,200150.0,1.736365667,0.435180917,0.040943792
50.0,205150.0,1.891206584,0.456209958,0.054060708
50.0,210150.0,1.815459042,0.440442208,0.0572395
50.0,215150.0,1.921418708,0.468453,0.053038375
50.0,220150.0,1.975346084,0.48416825,0.058494209
50.0,225150.0,2.024716959,0.466904375,0.0607105
50.0,230150.0,2.145708292,0.478218458,0.05199175
50.0,235150.0,2.143276833,0.517165292,0.081794833
50.0,240150.0,2.14149125,0.514986875,0.052984292
50.0,245150.0,2.24359075,0.547226041,0.080531083
50.0,250150.0,2.380331916,0.558506417,0.087119584
50.0,255150.0,2.356776042,0.572036167,0.056119291
50.0,260150.0,2.417148375,0.541647375,0.064246792
50.0,265150.0,2.43522275,0.547678959,0.062403958
50.0,270150.0,2.585024959,0.569223583,0.070623334
50.0,275150.0,2.696181209,0.572500208,0.068112375
50.0,280150.0,2.536930917,0.60584275,0.076095167
50.0,285150.0,2.60124375,0.612391417,0.0818225
50.0,290150.0,2.70976625,0.59999975,0.067484
50.0,295150.0,2.744662,0.65252425,0.071820375
50.0,300150.0,2.79161875,0.655893833,0.075387333
50.0,305150.0,2.887929458,0.642696583,0.072114333
50.0,310150.0,3.011840084,0.641148542,0.083633166
50.0,315150.0,2.922223209,0.684596333,0.077398
50.0,320150.0,2.978355375,0.671946958,0.079102417
50.0,325150.0,3.151566333,0.686733416,0.078470417
50.0,330150.0,3.089687916,0.709887042,0.080441208
50.0,335150.0,3.145341291,0.736775084,0.089367292
50.0,340150.0,3.1808195,0.707036625,0.080508875
50.0,345150.0,3.291677917,0.752940959,0.085975416
50.0,350150.0,3.343241833,0.72252825,0.083122041
50.0,355150.0,3.346280583,0.758703125,0.08450425
50.0,360150.0,3.376663708,0.7590745,0.094318417
50.0,365150.0,3.489778042,0.852526417,0.087592083
50.0,370150.0,3.549869625,0.745732375,0.096942209
50.0,375150.0,3.504362,0.756543542,0.089029542
50.0,380150.0,3.564611708,0.826795334,0.099170875
50.0,385150.0,3.805671416,0.801429917,0.098819833
50.0,390150.0,3.762047292,0.807072875,0.094748458
50.0,395150.0,3.751437292,0.832370208,0.0935615
50.0,400150.0,3.878470458,0.816948458,0.120986375
50.0,405150.0,3.914161,0.824239708,0.10203625
50.0,410150.0,3.970638833,0.903185334,0.101849042
50.0,415150.0,3.907019458,0.916459,0.1026305
50.0,420150.0,4.011021042,0.938560042,0.109090083
50.0,425150.0,4.075557375,0.918403291,0.105524334
50.0,430150.0,4.032896125,0.879011959,0.107182209
50.0,435150.0,4.118893125,0.957162458,0.11097575
50.0,440150.0,4.253180541,0.969401333,0.126483791
50.0,445150.0,4.371422583,0.959629792,0.104372917
50.0,450150.0,4.37882375,0.979547708,0.123754708
50.0,455150.0,4.375872,0.957578625,0.126176917
50.0,460150.0,4.480509833,0.899024458,0.120876125
50.0,465150.0,4.465716791,0.958030708,0.122450125
50.0,470150.0,4.5976285,1.015283166,0.118910084
50.0,475150.0,4.613136708,0.97485275,0.127113209
50.0,480150.0,4.699088083,1.005662667,0.116619334
50.0,485150.0,4.710236458,0.983846291,0.120026042
50.0,490150.0,4.743789292,1.0200725,0.12743475
50.0,495150.0,4.855903,1.0691375,0.12636125
50.0,500150.0,4.814751084,1.002667958,0.221806459
50.0,505150.0,4.917821292,1.111277416,0.150353791
50.0,510150.0,5.300297667,1.120961375,0.1366995
50.0,515150.0,5.08499325,1.134527292,0.139937541
50.0,520150.0,5.194201708,1.10177225,0.158183667
50.0,525150.0,5.1568185,1.067847792,0.143865417
50.0,530150.0,5.134040292,1.133864,0.147758833
50.0,535150.0,5.275276291,1.173692833,0.13566075
50.0,540150.0,5.394745709,1.08958025,0.154527541
50.0,545150.0,5.425738792,1.108424666,0.15822275
50.0,550150.0,5.431709542,1.139664125,0.13785275
50.0,555150.0,5.417323292,1.247318584,0.149013792
50.0,560150.0,5.580168042,1.221027542,0.145280042
50.0,565150.0,5.579270375,1.19359225,0.146137583
50.0,570150.0,5.716483417,1.14744,0.160150125
50.0,575150.0,5.638897834,1.230702458,0.166598875
50.0,580150.0,5.714491792,1.207975083,0.159113541
50.0,585150.0,5.881591625,1.238609667,0.153456458
50.0,590150.0,5.84306475,1.192873375,0.147126708
50.0,595150.0,5.947954583,1.199866875,0.149434833
50.0,600150.0,6.001177708,1.221701541,0.168719125
50.0,605150.0,6.097499041,1.241560375,0.173447917
50.0,610150.0,5.987732125,1.323125625,0.159273666
50.0,615150.0,6.109177292,1.278781042,0.179655833
50.0,620150.0,6.199075167,1.324404958,0.163305458
50.0,625150.0,6.234983625,1.324915209,0.16299025
50.0,630150.0,6.389889958,1.286608417,0.161969
50.0,635150.0,6.262290375,1.345452,0.1717
50.0,640150.0,6.389467667,1.338245292,0.179349375
50.0,645150.0,6.410276666,1.291349417,0.159595042
50.0,650150.0,6.574481167,1.347832792,0.191418
50.0,655150.0,6.695475708,1.384002083,0.173897167
50.0,660150.0,6.674553625,1.32988825,0.192110959
50.0,665150.0,6.670178291,1.408666458,0.168875792
50.0,670150.0,6.70630825,1.410673375,0.173651709
50.0,675150.0,6.813786334,1.421449917,0.209807125
50.0,680150.0,6.909484875,1.492821292,0.179352125
50.0,685150.0,7.102038792,1.509653125,0.200467916
50.0,690150.0,7.122070125,1.412802917,0.191457708
50.0,695150.0,7.097907875,1.46472075,0.182873083
50.0,700150.0,7.167925292,1.447442166,0.184463916
50.0,705150.0,7.073470625,1.460016125,0.287168292
50.0,710150.0,7.247268209,1.500079041,0.193625625
50.0,715150.0,7.38100875,1.52936325,0.188764917
50.0,720150.0,7.356085333,1.544608667,0.2017745
50.0,725150.0,7.496679916,1.478806375,0.1810715
50.0,730150.0,7.411051042,1.627981792,0.197580625
50.0,735150.0,7.487431667,1.570734166,0.214463833
50.0,740150.0,7.480425625,1.540432417,0.191104583
50.0,745150.0,7.54845975,1.528993625,0.214336042
50.0,750150.0,7.594260167,1.589212292,0.215245917
50.0,755150.0,7.62594325,1.547451084,0.193657625
50.0,760150.0,7.701219833,1.553948917,0.21346975
50.0,765150.0,7.80802,1.66889475,0.2102885
50.0,770150.0,7.840919792,1.619211833,0.222731834
50.0,775150.0,8.119375292,1.638472416,0.222415458
50.0,780150.0,7.985832916,1.603537584,0.223466625
50.0,785150.0,8.002518708,1.63594575,0.207375208
50.0,790150.0,8.097133542,1.640281584,0.203696333
50.0,795150.0,8.058094208,1.651649375,0.188716584
50.0,800150.0,8.189929041,1.677878375,0.2178285
50.0,805150.0,8.312156959,1.70523975,0.22534625
50.0,810150.0,8.274204667,1.698798,0.209951375
50.0,815150.0,8.379849292,1.687591833,0.216102958
50.0,820150.0,8.456788625,1.694728333,0.230594917
50.0,825150.0,8.512496625,1.744940208,0.216465459
50.0,830150.0,8.578760916,1.785345125,0.228299166
50.0,835150.0,8.627117333,1.831433042,0.242880084
50.0,840150.0,8.77381275,1.771358,0.231739542
50.0,845150.0,8.697169833,1.9093625,0.223358459
50.0,850150.0,9.219608041,1.821408083,0.218432625
50.0,855150.0,8.859652666,1.849833959,0.223892917
50.0,860150.0,9.027682125,1.865908291,0.234256584
50.0,865150.0,9.006470833,1.821044208,0.218211916
50.0,870150.0,8.925881542,1.836584458,0.242930792
50.0,875150.0,9.039545333,1.827292084,0.249341333
50.0,880150.0,9.025065042,1.874722209,0.225377958
50.0,885150.0,9.118931833,1.945303667,0.237017208
50.0,890150.0,9.135793542,1.805085292,0.231209666
50.0,895150.0,9.296846291,1.946887875,0.250891
50.0,900150.0,9.40441975,1.91128375,0.245999917
50.0,905150.0,9.344383834,1.94873125,0.253867667
50.0,910150.0,9.463980042,1.9446075,0.247391542
50.0,915150.0,9.583895125,1.944260209,0.242031666
50.0,920150.0,9.514017458,1.946785666,0.25057975
50.0,925150.0,9.5556615,1.90548925,0.25486725
50.0,930150.0,9.636933166,2.063408708,0.256145208
50.0,935150.0,9.753234125,1.974946541,0.257954416
50.0,940150.0,9.754969209,1.975141,0.261868416
50.0,945150.0,10.084364709,2.005778292,0.265275042
50.0,950150.0,9.89375525,2.022007083,0.248073125
50.0,955150.0,9.964346,1.97176175,0.259703292
50.0,960150.0,9.972869375,2.011526208,0.274364667
50.0,965150.0,10.084495542,2.005388166,0.296233625
50.0,970150.0,10.09293575,2.085658416,0.314841042
50.0,975150.0,10.3221545,2.141433459,0.294135333
50.0,980150.0,10.175887209,2.16121425,0.308173791
50.0,985150.0,10.297878667,2.067368834,0.275498417
50.0,990150.0,10.268331208,2.028382417,0.287479334
50.0,995150.0,10.342515292,2.0090425,0.292553542
50.0,1000150.0,10.43850525,2.026968875,0.287787208
50.0,1005150.0,10.511173292,2.119664584,0.30935525
50.0,1010150.0,10.766724917,2.123827125,0.339025875
50.0,1015150.0,10.660909791,2.159588833,0.281843291
50.0,1020150.0,10.672493666,2.276428333,0.27364575
50.0,1025150.0,10.763174958,2.115303542,0.281620083
50.0,1030150.0,10.715859792,2.297476667,0.301170125
50.0,1035150.0,10.943115417,2.187666917,0.278079792
50.0,1040150.0,10.947488125,2.182812042,0.285095875
50.0,1045150.0,10.987394458,2.208700792,0.323473458
50.0,1050150.0,10.98336325,2.175256875,0.302301209
50.0,1055150.0,11.13711575,2.2007585,0.287144084
50.0,1060150.0,11.32306025,2.217010125,0.288178125
50.0,1065150.0,11.394853792,2.232884834,0.292268959
50.0,1070150.0,11.435641708,2.264100417,0.314982084
50.0,1075150.0,11.327432041,2.358859875,0.283092917
50.0,1080150.0,11.496764208,2.293343458,0.283610959
50.0,1085150.0,11.408010416,2.374413625,0.310147417
50.0,1090150.0,11.544699375,2.301843667,0.298176208
50.0,1095150.0,11.771573792,2.31599275,0.305387584
50.0,1100150.0,11.7020965,2.109116917,0.30087225
50.0,1105150.0,11.85512575,2.368278792,0.319279958
50.0,1110150.0,11.788023417,2.269418125,0.298355792
50.0,1115150.0,11.87710975,2.442571667,0.326273958
50.0,1120150.0,12.110313917,2.249459208,0.306481916
50.0,1125150.0,11.983600041,2.463781666,0.303871791
50.0,1130150.0,12.111538625,2.426765959,0.307099875
50.0,1135150.0,12.121664417,2.4848505,0.305542875
50.0,1140150.0,12.216239166,2.338498833,0.316203541
50.0,1145150.0,12.191713083,2.440095584,0.3263155
50.0,1150150.0,12.3385665,2.429614125,0.319499708
50.0,1155150.0,12.224714084,2.426913875,0.308617542
50.0,1160150.0,12.425184542,2.471678334,0.317634125
50.0,1165150.0,12.618231084,2.496627,0.319376209
50.0,1170150.0,12.69875125,2.600619042,0.327589209
50.0,1175150.0,12.653056667,2.417411875,0.345086958
50.0,1180150.0,12.662805458,2.438914541,0.339605458
50.0,1185150.0,12.807221,2.502135834,0.335216583
50.0,1190150.0,12.748506792,2.431496541,0.366822833
50.0,1195150.0,12.879855292,2.535395667,0.330497416
50.0,1200150.0,12.776044583,2.55575675,0.318143167
50.0,1205150.0,12.918902083,2.59239425,0.333709834
50.0,1210150.0,12.913185458,2.614577917,0.334254041
50.0,1215150.0,12.884104792,2.568110375,0.326722917
50.0,1220150.0,13.0126815,2.640486042,0.367711583
50.0,1225150.0,13.167931959,2.557385584,0.344346667
50.0,1230150.0,13.233425167,2.54701725,0.332934041
50.0,1235150.0,13.202295792,2.745073958,0.37342
50.0,1240150.0,13.2696505,2.670823666,0.3614975
50.0,1245150.0,13.375637417,2.576198458,0.345928334
50.0,1250150.0,13.406022875,2.742547167,0.354821625
50.0,1255150.0,13.468780083,2.62416375,0.341482709
50.0,1260150.0,13.732524917,2.69405875,0.341717292
50.0,1265150.0,13.522589625,2.661901583,0.364461875
50.0,1270150.0,13.702473542,2.611741334,0.356372
50.0,1275150.0,13.834409917,2.717247584,0.360664167
50.0,1280150.0,13.77590425,2.664472916,0.322046667
50.0,1285150.0,13.901375833,2.686500959,0.357185292
50.0,1290150.0,14.082789542,2.820654083,0.375790583
50.0,1295150.0,13.833603,2.741880917,0.365284583
50.0,1300150.0,13.992365791,2.5831405,0.374288834
50.0,1305150.0,14.022900292,2.732137041,0.357748416
50.0,1310150.0,14.318244417,2.733530417,0.369195
50.0,1315150.0,14.221245,2.831632208,0.362889875
50.0,1320150.0,14.276739875,2.940388375,0.362991167
50.0,1325150.0,14.43661525,2.867592334,0.382588792
50.0,1330150.0,14.323800083,2.799599084,0.375679584
50.0,1335150.0,14.529065167,2.839622375,0.389098791
50.0,1340150.0,14.809293042,2.722391083,0.374313583
50.0,1345150.0,14.585846,2.955669084,0.374700959
50.0,1350150.0,14.537493917,2.870322833,0.377310875
50.0,1355150.0,14.669218542,2.838126125,0.386481375
50.0,1360150.0,14.515094125,2.920324291,0.401757916
50.0,1365150.0,14.934697416,2.919656667,0.442116792
50.0,1370150.0,14.83077425,2.944318291,0.429499125
50.0,1375150.0,14.861264959,2.821787333,0.426795708
50.0,1380150.0,15.24953875,2.788441542,0.418036584
50.0,1385150.0,14.843561833,2.88723825,0.459519542
50.0,1390150.0,15.090423542,2.861656458,0.415779083
50.0,1395150.0,15.207977125,2.998557084,0.408015375
50.0,1400150.0,15.304538208,2.787824666,0.3958485
50.0,1405150.0,15.511636167,2.840777666,0.405909041
50.0,1410150.0,15.358455708,3.012080958,0.413426834
50.0,1415150.0,15.453959583,3.03427875,0.427176542
50.0,1420150.0,15.712210041,3.034631333,0.492496084
50.0,1425150.0,15.596204625,2.980803166,0.459254833
50.0,1430150.0,15.801597333,3.169172,0.4257545
50.0,1435150.0,15.597671125,3.047288792,0.429452917
50.0,1440150.0,15.529027667,3.057092125,0.409417292
50.0,1445150.0,15.735792791,3.047224792,0.438405042
50.0,1450150.0,15.687077916,3.031082334,0.4841725
50.0,1455150.0,15.978353458,3.079000625,0.46311625
50.0,1460150.0,15.866195959,3.105130458,0.556388
50.0,1465150.0,15.993038333,3.188209417,0.490947333
50.0,1470150.0,16.350870084,3.168110709,0.449035334
50.0,1475150.0,16.429900667,3.034415709,0.421126917
50.0,1480150.0,16.320301583,3.127261042,0.422191959
50.0,1485150.0,16.165045291,3.229534459,0.419673292
50.0,1490150.0,16.446201166,3.279186084,0.419845708
50.0,1495150.0,16.297245,3.00019475,0.447951125
50.0,1500150.0,16.260597667,3.116443875,0.49908625
50.0,1505150.0,16.298214375,3.129142542,0.491569541
50.0,1510150.0,16.405737625,3.416630833,0.433817292
50.0,1515150.0,16.792803667,3.133554542,0.513380291
50.0,1520150.0,16.713131167,3.299201416,0.444788917
50.0,1525150.0,16.643144625,3.040188375,0.451139875
50.0,1530150.0,16.719056667,3.258169625,0.447024666
50.0,1535150.0,16.869093792,3.252630792,0.466988291
50.0,1540150.0,16.862581583,3.231296708,0.472499708
50.0,1545150.0,17.090981,3.178212416,0.514624125
50.0,1550150.0,16.982744042,3.266993833,0.5601515
50.0,1555150.0,17.073070625,3.268496959,0.442891542
50.0,1560150.0,17.2112025,3.340697917,0.415972791
50.0,1565150.0,17.448466042,3.324171167,0.487800208
50.0,1570150.0,17.428648125,3.307194875,0.518731166
50.0,1575150.0,17.413327292,3.336035333,0.454882333
50.0,1580150.0,17.516493667,3.236992958,0.481272833
50.0,1585150.0,17.481240667,3.30409325,0.440538792
50.0,1590150.0,17.629095292,3.222392584,0.490182875
50.0,1595150.0,17.49982275,3.379465875,0.519235792
50.0,1600150.0,17.848592167,3.437510125,0.519465125
50.0,1605150.0,17.521593708,3.320589583,0.562407917
50.0,1610150.0,17.732060375,3.295488375,0.57709575
50.0,1615150.0,18.218515708,3.375089875,0.559861375
50.0,1620150.0,17.718794375,3.343574209,0.491181292
50.0,1625150.0,17.766336667,3.477152125,0.497195083
50.0,1630150.0,17.966090666,3.555115708,0.484849375
50.0,1635150.0,18.239682,3.514943375,0.536578625
50.0,1640150.0,18.320490708,3.580173666,0.496512083
50.0,1645150.0,18.050369167,3.623311208,0.495745083
50.0,1650150.0,18.431029333,3.4164405,0.564080458
50.0,1655150.0,18.351021917,3.529685125,0.502216125
50.0,1660150.0,18.570706125,3.667164125,0.467069375
50.0,1665150.0,18.609647042,3.526173833,0.508657167
50.0,1670150.0,19.004103583,3.730087958,0.460012834
50.0,1675150.0,18.658597834,3.524593458,0.479236292
50.0,1680150.0,18.892271125,3.632294792,0.498895041
50.0,1685150.0,18.813156208,3.685611459,0.524684708
50.0,1690150.0,18.559203791,3.719565042,0.474761292
50.0,1695150.0,18.635113666,3.516424542,0.470415875
50.0,1700150.0,19.037500833,3.650853958,0.485497209
50.0,1705150.0,18.848589917,3.798243625,0.480177958
50.0,1710150.0,19.031239875,3.480884875,0.497199708
50.0,1715150.0,19.132234375,3.402157625,0.476414417
50.0,1720150.0,19.452739291,3.715492666,0.490486917
50.0,1725150.0,19.324522292,3.642065542,0.490507583
50.0,1730150.0,19.261208542,3.800177875,0.563876
50.0,1735150.0,19.685493625,3.747006375,0.624122334
50.0,1740150.0,19.646553208,3.763937709,0.514002
50.0,1745150.0,19.743910125,3.543980125,0.492051
50.0,1750150.0,19.683110125,3.711933458,0.5019305
50.0,1755150.0,19.679317458,3.762693375,0.491490834
50.0,1760150.0,19.81581625,3.786185333,0.509151125
50.0,1765150.0,19.791941375,3.76178525,0.50257225
50.0,1770150.0,19.719125125,3.79736975,0.5273325
50.0,1775150.0,20.327478584,3.783922792,0.484332
50.0,1780150.0,20.042013583,3.7889825,0.511927542
50.0,1785150.0,20.04613075,3.578807,0.518154208
50.0,1790150.0,19.915232542,3.798989416,0.493073125
50.0,1795150.0,20.167695584,3.9813745,0.493826333
50.0,1800150.0,20.224869042,3.743295875,0.509830708
50.0,1805150.0,20.06691025,3.853392458,0.508168208
50.0,1810150.0,20.250210208,3.822423,0.518020333
50.0,1815150.0,20.57723675,3.814259584,0.514386875
50.0,1820150.0,20.98565,3.911619083,0.536503792
50.0,1825150.0,20.473660083,3.606587125,0.514052083
50.0,1830150.0,19.139232334,2.985014625,0.512523833
50.0,1835150.0,21.005204125,3.88307275,0.505923
50.0,1840150.0,20.524816292,3.804151042,0.515556458
50.0,1845150.0,20.619098167,3.815012542,0.532719917
50.0,1850150.0,20.779707125,3.902174,0.552786375
50.0,1855150.0,20.781575916,3.919902,0.531218167
50.0,1860150.0,20.898535459,3.816121667,0.536430042
50.0,1865150.0,20.835285375,3.985029958,0.529368
50.0,1870150.0,20.963159917,3.8591045,0.50993625
50.0,1875150.0,21.234399625,3.855059417,0.529490084
50.0,1880150.0,21.159534125,4.037388083,0.542444625
50.0,1885150.0,21.302381667,4.037266084,0.5423595
50.0,1890150.0,21.411024125,3.898320625,0.529033875
50.0,1895150.0,21.44787275,4.045099833,0.522491709
50.0,1900150.0,21.417328,4.010212,0.551260833
50.0,1905150.0,21.42001075,4.137249583,0.534828958
50.0,1910150.0,21.501543875,4.185651125,0.529096375
50.0,1915150.0,20.928739084,3.550512209,0.620695833
50.0,1920150.0,21.961608667,3.859617834,0.594657625
50.0,1925150.0,21.678100458,3.962554708,0.545166583
50.0,1930150.0,21.892452,4.221099875,0.556917959
50.0,1935150.0,22.00206325,4.193014,0.630457916
50.0,1940150.0,22.205791084,4.219774542,0.557769708
50.0,1945150.0,22.117144875,4.120980958,0.538702875
50.0,1950150.0,20.793626792,3.254163541,0.550049166
50.0,1955150.0,22.022657125,4.3347055,0.548321292
50.0,1960150.0,20.997699125,3.24058175,0.584949
50.0,1965150.0,22.138045542,4.234433333,0.590129833
50.0,1970150.0,21.261123792,3.523085417,0.563605917
50.0,1975150.0,20.364620542,3.054946083,0.562224667
50.0,1980150.0,22.455138791,4.106543917,0.5516805
50.0,1985150.0,22.0669395,3.750396959,0.552932375
50.0,1990150.0,18.963726959,3.038383625,0.589793292
50.0,1995150.0,19.261793917,3.065358292,0.568999708
,,,,0.603866166
,,,,0.568077583
,,,,0.563892459
,,,,0.562679042
,,,,0.564677375
,,,,0.55565
,,,,0.597582541
,,,,0.5809825
,,,,0.601574208
,,,,0.606314834
,,,,0.614831042
,,,,0.593422542
,,,,0.570985084
,,,,0.602518792
,,,,0.564779
,,,,0.591389292
,,,,0.572033084
,,,,0.588449375
,,,,0.599295666
,,,,0.605702833
,,,,0.628018791
,,,,0.599273167
,,,,0.597687709
,,,,0.61866225
,,,,0.594261458
,,,,0.618653125
,,,,0.579396
,,,,0.67838825
,,,,0.710779208
,,,,0.640230625
,,,,0.749403542
,,,,0.700971958
,,,,0.670019417
,,,,0.673822583
,,,,0.71660975
,,,,0.710031959
,,,,0.680094041
,,,,0.664510666
,,,,0.72959425
,,,,0.799539833
,,,,0.74085625
,,,,0.638295875
,,,,0.68017125
,,,,0.677885292
,,,,0.7046665
,,,,0.75996225
,,,,0.747859083
,,,,0.697943625
,,,,0.680372875
,,,,0.668926334
,,,,0.6811085
,,,,0.756327917
,,,,0.687975792
,,,,0.669747292
,,,,0.668423083
,,,,0.664986625
,,,,0.661821167
,,,,0.730950208
,,,,0.779984041
,,,,0.793973708
,,,,0.7428955
,,,,0.693376584
,,,,0.713546042
,,,,0.741674
,,,,0.659884166
,,,,0.737101958
,,,,0.705326959
,,,,0.661362208
,,,,0.787845666
,,,,0.741744666
,,,,0.741249667
,,,,0.751771167
,,,,0.8063875
,,,,0.751585666
,,,,0.770966209
,,,,0.908264666
,,,,0.714417542
,,,,0.766433375
,,,,0.7642485
,,,,0.716494542
,,,,0.754534334
,,,,0.745409208
,,,,0.740666541
,,,,0.68115375
,,,,0.691525417
,,,,0.69695775
,,,,0.726201834
,,,,0.703740666
,,,,0.718212084
,,,,0.691246041
,,,,0.704584375
,,,,0.710181583
,,,,0.730856208
,,,,0.706120083
,,,,0.750190958
,,,,0.736173541
,,,,0.75031525
,,,,0.679404208
,,,,0.789059708
,,,,0.840546
,,,,0.795387541
,,,,0.901525
,,,,0.771750833
,,,,0.816045333
,,,,0.771935667
,,,,0.804924459
,,,,0.757257959
,,,,0.748520958
,,,,0.760076042
,,,,0.758175
,,,,0.807634084
,,,,0.770263792
,,,,0.725332708
,,,,0.73949325
,,,,0.767449417
,,,,0.760412458
,,,,0.78085825
,,,,0.730718375
,,,,0.737831917
,,,,0.72438525
,,,,0.807710042
,,,,0.803316167
,,,,0.765400959
,,,,0.795913959
,,,,0.776251458
,,,,0.809999708
,,,,0.735780375
,,,,0.799966041
,,,,0.786181958
,,,,0.767962416
,,,,0.809035834
,,,,0.800403583
,,,,0.758688833
,,,,0.808337458
,,,,0.789325083
,,,,0.79472275
,,,,0.787080875
,,,,0.794071916
,,,,0.832052459
,,,,0.812313416
,,,,0.852193291
,,,,1.029791333
,,,,0.928785333
,,,,0.867577417
,,,,0.955004041
,,,,0.976055667
,,,,1.106141375
,,,,0.848374959
,,,,0.812537792
,,,,0.78250075
,,,,0.81975625
,,,,0.825212375
,,,,0.849915416
,,,,0.861925333
,,,,0.778496458
,,,,0.800692708
,,,,0.826404584
,,,,0.8305815
,,,,0.874207166
,,,,0.902537959
,,,,0.821724875
,,,,0.869691166
,,,,0.816144291
,,,,0.868233667
,,,,0.871293333
,,,,0.843396167
,,,,0.884083
,,,,0.803711167
,,,,0.917492875
,,,,0.868916792
,,,,0.892437458
,,,,0.856186959
,,,,1.010107083
,,,,1.020616292
,,,,0.890674291
,,,,0.877291292
,,,,0.869526375
,,,,0.869191625
,,,,0.935892791
,,,,0.881882667
,,,,0.996395584
,,,,0.965047708
,,,,0.983172834
,,,,0.906065708
,,,,0.858473875
,,,,0.950521166
,,,,0.951864
,,,,0.924281667
,,,,0.832533542
,,,,0.870743083
,,,,0.840098584
,,,,0.861366625
,,,,0.874684208
,,,,0.898666291
,,,,0.9043105
,,,,0.89052475
,,,,0.891110875
,,,,0.886089041
,,,,0.916974833
,,,,0.872220792
,,,,0.860005792
,,,,0.8384935
,,,,0.817973542
,,,,0.93515725
,,,,0.940987916
,,,,0.890492375
,,,,1.148451292
,,,,1.021591
,,,,0.930036959
,,,,1.143892875
,,,,1.176886
,,,,1.058655542
,,,,0.977040083
,,,,0.99124925
,,,,0.945198541
,,,,0.910178417
,,,,0.910664583
,,,,1.000124667
,,,,0.954823375
,,,,0.985639584
,,,,0.988741917
,,,,0.946733875
,,,,0.984656708
,,,,1.079998125
,,,,1.290874958
,,,,0.979529417
,,,,0.974061416
,,,,0.960188167
,,,,0.975343042
,,,,0.95098075
,,,,0.980431084
,,,,0.975647875
,,,,0.917339125
,,,,0.955663958
,,,,0.931530125
,,,,0.965809584
,,,,0.961875584
,,,,0.928294291
,,,,0.932991417
,,,,1.052569708
,,,,0.971558292
,,,,0.954852417
,,,,0.948674166
,,,,1.000104041
,,,,1.00551925
,,,,0.984832333
,,,,1.015181
,,,,0.961885792
,,,,0.98976025
,,,,1.0018955
,,,,0.97498
,,,,0.994613291
,,,,0.976780917
,,,,0.9641355
,,,,0.954929625
,,,,0.9693795
,,,,1.026748375
,,,,1.018682125
,,,,1.048859334
,,,,0.972556708
,,,,1.056015875
,,,,0.971695292
,,,,0.95295275
,,,,0.990160125
,,,,0.996054208
,,,,0.973001708
,,,,0.991000083
,,,,0.97734275
,,,,0.922931
,,,,0.981369834
,,,,0.975196875
,,,,1.052946166
,,,,0.960113167
,,,,0.998663167
,,,,1.147485667
,,,,0.940844375
,,,,0.960051
,,,,0.989846333
,,,,1.036364208
,,,,0.989566834
,,,,1.0135535
,,,,0.952298
,,,,0.996791459
,,,,0.963497875
,,,,1.00836175
,,,,0.998708167
,,,,0.983960209
,,,,0.987935458
,,,,1.001850834
,,,,1.00388075
,,,,1.00348725
,,,,1.014793041
,,,,1.020894625
,,,,1.18294975
,,,,1.09040925
,,,,1.090737708
,,,,0.985092
,,,,0.981209625
,,,,1.031344583
,,,,1.039835
,,,,0.996671583
,,,,1.020041458
,,,,1.056775125
,,,,1.000229542
,,,,1.012906792
,,,,1.018684291
,,,,1.031863083
,,,,1.043742
,,,,1.03603525
,,,,1.017559667
,,,,1.011024334
,,,,1.020021208
,,,,0.991628542
,,,,1.060710458
,,,,1.059626375
,,,,1.043364208
,,,,1.104164
,,,,1.052304042
,,,,1.096060083
,,,,1.08313575
,,,,1.181157875
,,,,1.05275425
,,,,1.076047917
,,,,1.231589709
,,,,1.146943667
,,,,1.36735275
,,,,1.124362834
,,,,1.0446695
,,,,1.0652755
,,,,1.242264166
,,,,1.116708667
,,,,1.062621458
,,,,1.167585834
,,,,1.179788209
,,,,1.116310833
,,,,1.112682542
,,,,1.123785458
,,,,1.195895084
,,,,1.274163708
,,,,1.193201625
,,,,1.225141334
,,,,1.215072167
,,,,1.121933667
,,,,1.270308542
,,,,1.145983125
,,,,1.220597292
,,,,1.210047291
,,,,1.34608225
,,,,1.149353375
,,,,1.269319792
,,,,1.138555666
,,,,1.127128583
,,,,1.14925
,,,,1.087755542
,,,,1.137733208
,,,,1.140254208
,,,,1.091568416
,,,,1.1021515
,,,,1.109172791
,,,,1.132233833
,,,,1.148056625
,,,,1.105799209
,,,,1.147120334
,,,,1.160508083
,,,,1.238029833
,,,,1.199367792
,,,,1.151343209
,,,,1.177213875
,,,,1.147910167
,,,,1.106793958
,,,,1.20470825
,,,,1.137026375
,,,,1.19105375
,,,,1.164502708
,,,,1.179722875
,,,,1.115538917
,,,,1.188001042
,,,,1.158850417
,,,,1.174730125
,,,,1.138725375
,,,,1.192480083
,,,,1.133592125
,,,,1.208656583
,,,,1.111247459
,,,,1.181834041
,,,,1.165468208
,,,,1.185581584
,,,,1.169982417
,,,,1.146746
,,,,1.212294083
,,,,1.243954958
,,,,1.38606425
,,,,1.279721375
,,,,1.43165025
,,,,1.498229375
,,,,1.275545125
,,,,1.180007833
,,,,1.173363833
,,,,1.222082333
,,,,1.2645015
,,,,1.201311583
,,,,1.225131416
,,,,1.211606458
,,,,1.186306708
,,,,1.273223042
,,,,1.212367958
,,,,1.18095
,,,,1.174834708
,,,,1.177414917
,,,,1.268020833
,,,,1.185489916
,,,,1.275274417
,,,,1.347371
,,,,1.428392542
,,,,1.203596042
,,,,1.25120525
,,,,1.255077834
,,,,1.30540575
,,,,1.248335167
,,,,1.28265
,,,,1.288140459
,,,,1.209583416
,,,,1.259168667
,,,,1.263665792
,,,,1.1823415
,,,,1.208585042
,,,,1.238349334
,,,,1.343142958
,,,,1.33157225
,,,,1.194621125
,,,,1.187810167
,,,,1.216718666
,,,,1.293042208
,,,,1.187490625
,,,,1.19466225
,,,,1.292326791
,,,,1.3125865
,,,,1.170415416
,,,,1.215789375
,,,,1.405953291
,,,,1.308336416
,,,,1.235549125
,,,,1.311676584
,,,,1.297098833
,,,,1.257969791
,,,,1.294815792
,,,,1.315906791
,,,,1.240510584
,,,,1.248209916
,,,,1.279678
,,,,1.272685625
,,,,1.27556775
,,,,1.278373541
,,,,1.31531425
,,,,1.2724005
,,,,1.240368875
,,,,1.304507917
,,,,1.267974875
,,,,1.273769792
,,,,1.23259475
,,,,1.284587917
,,,,1.293134209
,,,,1.328257916
,,,,1.311028625
,,,,1.348797375
,,,,1.263580583
,,,,1.310114167
,,,,1.267918292
,,,,1.356188125
,,,,1.365628
,,,,1.474710417
,,,,1.252761042
,,,,1.277466958
,,,,1.314003417
,,,,1.351521416
,,,,1.28535775
,,,,1.311083166
,,,,1.323141292
,,,,1.271113083
,,,,1.407252
,,,,1.252986709
,,,,1.348695625
,,,,1.31841725
,,,,1.340265625
,,,,1.422481
,,,,1.316205958
,,,,1.314401666
,,,,1.280161334
,,,,1.303810708
,,,,1.314998
,,,,1.327566875
,,,,1.291754208
,,,,1.249496041
,,,,1.3502045
,,,,1.411239
,,,,1.383898584
,,,,1.33102225
,,,,1.281565459
,,,,1.345649625
,,,,1.369756916
,,,,1.343138666
,,,,1.363754375
,,,,1.358146
,,,,1.369889292
,,,,1.327582292
,,,,1.339328917
,,,,1.35132275
,,,,1.312786708
,,,,1.328538083
,,,,1.367146917
,,,,1.342664792
,,,,1.322609917
,,,,1.441432542
,,,,1.444503166
,,,,1.373034458
,,,,1.337956417
,,,,1.31207275
,,,,1.341504042
,,,,1.422052583
,,,,1.424511625
,,,,1.404123416
,,,,1.399167917
,,,,1.374862667
,,,,1.350966958
,,,,1.369541459
,,,,1.410040792
,,,,1.405814666
,,,,1.390132958
,,,,1.396492625
,,,,1.482327917
,,,,1.438055
,,,,1.413469209
,,,,1.415843625
,,,,1.386819875
,,,,1.367497083
,,,,1.420658125
,,,,1.456033542
,,,,1.419190667
,,,,1.410538959
,,,,1.378632125
,,,,1.392542542
,,,,1.384625667
,,,,1.394810917
,,,,1.372829542
,,,,1.393333125
,,,,1.410509708
,,,,1.403400375
,,,,1.401735666
,,,,1.421709792
,,,,1.46333475
,,,,1.45229075
,,,,1.455913333
,,,,1.4111095
,,,,1.403061875
,,,,1.416712584
,,,,1.402749833
,,,,1.41423825
,,,,1.413181292
,,,,1.445636833
,,,,1.422595
,,,,1.479710167
,,,,1.407369125
,,,,1.39540275
,,,,1.457459583
,,,,1.375521625
,,,,1.43931175
,,,,1.515668667
,,,,1.428512583
,,,,1.475404
,,,,1.444461542
,,,,1.425498459
,,,,1.461059541
,,,,1.399966833
,,,,1.420521584
,,,,1.497360125
,,,,1.538470917
,,,,1.528675375
,,,,1.526052708
,,,,1.46636825
,,,,1.486059125
,,,,1.537726875
,,,,1.463112541
,,,,1.506085625
,,,,1.452067875
,,,,1.398579875
,,,,1.468736791
,,,,1.47053875
,,,,1.462658416
,,,,1.455598375
,,,,1.489495834
,,,,1.492431959
,,,,1.440365459
,,,,1.477356
,,,,1.5191205
,,,,1.464398375
,,,,1.487695542
,,,,1.481427667
,,,,1.487845958
,,,,1.474268334
,,,,1.471611208
,,,,1.598825333
,,,,1.611419917
,,,,1.498287875
,,,,1.493665292
,,,,1.511661125
,,,,1.447244708
,,,,1.731487125
,,,,1.49609225
,,,,1.483955041
,,,,1.472891333
,,,,1.472767542
,,,,1.535979875
,,,,1.451561709
,,,,1.496353292
,,,,1.453007167
,,,,1.446933458
,,,,1.452823125
,,,,1.484903625
,,,,1.564320167
,,,,1.605215083
,,,,1.575816
,,,,1.514616917
,,,,1.51973125
,,,,1.536772041
,,,,1.538460917
,,,,1.539081042
,,,,1.468695291
,,,,1.491401916
,,,,1.558806041
,,,,1.495908666
,,,,1.567631958
,,,,1.474041791
,,,,1.516603584
,,,,1.558064666
,,,,1.521047792
,,,,1.567598875
,,,,1.645665709
,,,,1.715712916
,,,,1.640631667
,,,,1.681181125
,,,,1.928091833
,,,,1.696232208
,,,,1.640556708
,,,,1.749347125
,,,,1.554089917
,,,,1.697458375
,,,,1.613163792
,,,,1.674386
,,,,1.758799458
,,,,1.820186084
,,,,1.772825709
,,,,1.740836375
,,,,1.751076667
,,,,1.7125145
,,,,1.687296917
,,,,1.920854958
,,,,1.670785292
,,,,1.693858625
,,,,1.718756292
,,,,1.641603291
,,,,1.573258083
,,,,1.580353166
,,,,1.618835209
,,,,1.599441875
,,,,1.656566584
,,,,1.68983175
,,,,1.558647417
,,,,1.8121725
,,,,1.645690917
,,,,1.623547083
,,,,1.62044575
,,,,1.662533541
,,,,1.607066875
,,,,1.594372125
,,,,1.595104833
,,,,1.609575792
,,,,1.613280834
,,,,1.549796875
,,,,1.535462
,,,,1.667954459
,,,,1.747390375
,,,,1.634370292
,,,,1.689213333
,,,,1.507351375
,,,,1.680375583
,,,,1.6871315
,,,,2.02853975
,,,,1.835818959
,,,,2.042347792
,,,,1.783484458
,,,,1.701825792
,,,,1.677257708
,,,,1.681817917
,,,,1.697163042
,,,,1.618074209
,,,,1.755761
,,,,1.754347875
,,,,1.604458333
,,,,1.672564917
,,,,1.718713917
,,,,1.668426042
,,,,1.896155041
,,,,1.782009458
,,,,1.766190792
,,,,1.764073041
,,,,1.664139833
,,,,1.575251167
,,,,1.650803125
,,,,1.682676667
,,,,1.727676375
,,,,1.637154125
,,,,1.656054375
,,,,1.710346417
,,,,1.782354583
,,,,1.674584417
,,,,1.663997791
,,,,1.645574334
,,,,1.707927583
,,,,1.668622042
,,,,1.653650375
,,,,1.712630625
,,,,1.73570025
,,,,1.765925083
,,,,1.730827125
,,,,1.763409958
,,,,1.751481083
,,,,1.722209667
,,,,1.631756458
,,,,1.711068417
,,,,1.643742666
,,,,1.619162708
,,,,1.696821459
,,,,1.686308583
,,,,1.712033125
,,,,1.660756958
,,,,1.64702675
,,,,1.692639584
,,,,1.724694375
,,,,1.799460084
,,,,1.710874541
,,,,1.765163334
,,,,1.731837792
,,,,1.726617708
,,,,1.766940958
,,,,1.719667125
,,,,1.723852
,,,,1.702666208
,,,,1.752931125
,,,,1.678615167
,,,,1.741288917
,,,,1.644831792
,,,,1.734971292
,,,,1.764081209
,,,,1.697678
,,,,1.694345541
,,,,1.769480792
,,,,1.739834
,,,,1.715280084
,,,,1.70742375
,,,,1.748435667
,,,,1.666409833
,,,,1.827687166
,,,,2.078378791
,,,,1.776314291
,,,,1.775003792
,,,,1.791864834
,,,,1.7604415
,,,,1.917282334
,,,,2.058941125
,,,,1.822392709
,,,,1.897975458
,,,,1.8101525
,,,,1.784736375
,,,,1.717713709
,,,,1.771409208
,,,,1.719988333
,,,,1.804916083
,,,,1.791852167
,,,,1.837813875
,,,,1.790909125
,,,,1.793438708
,,,,1.727974667
,,,,1.762362292
,,,,1.792439958
,,,,1.786788583
,,,,1.793044125
,,,,1.790979708
,,,,1.73997475
,,,,1.738193417
,,,,1.823086833
,,,,1.797449959
,,,,1.837322042
,,,,1.815919042
,,,,1.8605425
,,,,1.810370125
,,,,1.74427725
,,,,1.788755583
,,,,1.834719708
,,,,1.819954583
,,,,1.827460167
,,,,1.828983416
,,,,1.7947305
,,,,1.857233292
,,,,1.800763375
,,,,1.833787708
,,,,1.893716708
,,,,1.887136
,,,,1.81784925
,,,,1.859427958
,,,,1.863977792
,,,,1.889171042
,,,,1.829043
,,,,1.819251083
,,,,1.845784083
,,,,1.869254084
,,,,1.832275292
,,,,1.842812
,,,,1.955627209
,,,,1.824735
,,,,1.856353625
,,,,1.806558708
,,,,1.860617042
,,,,1.789445792
,,,,1.866854917
,,,,1.856573917
,,,,1.819435542
,,,,1.955857583
,,,,1.846694625
,,,,1.948296458
,,,,1.875234625
,,,,1.819017708
,,,,1.852061125
,,,,1.872529917
,,,,1.845488083
,,,,1.845154875
,,,,1.949040959
,,,,1.88447125
,,,,1.842148416
,,,,1.868819084
,,,,1.856487417
,,,,1.883005792
,,,,1.866027583
,,,,1.913663708
,,,,1.84939375
,,,,1.872574417
,,,,1.864820125
,,,,1.855078
,,,,1.841707334
,,,,1.950294917
,,,,1.869461417
,,,,1.904261875
,,,,1.904338625
,,,,1.868600875
,,,,1.843965958
,,,,1.930479
,,,,1.948340666
,,,,1.849275125
,,,,1.889159916
,,,,1.904599833
,,,,1.905846875
,,,,1.885923916
,,,,1.90946225
,,,,2.002657541
,,,,1.9167845
,,,,2.20854025
,,,,2.0171145
,,,,1.950111167
,,,,1.942052541
,,,,2.017889375
,,,,2.037981542
,,,,2.217922
,,,,1.951512958
,,,,1.924190459
,,,,1.926927
,,,,1.932662042
,,,,1.880846917
,,,,1.962235458
,,,,2.305853208
,,,,2.101450625
,,,,1.953050958
,,,,1.969018917
,,,,1.963065
,,,,2.106334167
,,,,1.997265792
,,,,1.955523791
,,,,1.980616792
,,,,1.898245667
,,,,1.988839125
,,,,1.891696334
,,,,1.984311708
,,,,2.206165917
,,,,1.945773167
,,,,1.957039
,,,,1.910724708
,,,,1.897883
,,,,1.904345542
,,,,1.986332542
,,,,1.959525583
,,,,2.119445917
,,,,2.195935792
,,,,1.941704583
,,,,2.026334875
,,,,2.067447666
,,,,2.181709083
,,,,2.486702042
,,,,2.034828792
,,,,2.064356
,,,,2.075746917
,,,,1.949445
,,,,1.961325792
,,,,2.038104708
,,,,2.091702042
,,,,2.00213525
,,,,1.996944834
,,,,1.929492625
,,,,1.9464505
,,,,2.161458625
,,,,1.936489875
,,,,1.961642875
,,,,1.950539542
,,,,1.9051995
,,,,2.002080667
,,,,2.04114525
,,,,2.020899417
,,,,2.026492209
,,,,1.968464209
,,,,1.959263041
,,,,2.073927125
,,,,1.9822075
,,,,1.985278042
,,,,1.965507
,,,,2.007286417
,,,,2.016754458
,,,,2.050084625
,,,,1.996596875
,,,,1.995343042
,,,,2.030376834
,,,,1.970970042
,,,,1.955109666
,,,,2.107277209
,,,,1.954905417
,,,,1.887299917
,,,,1.942489625
,,,,1.96730225
,,,,1.969075333
,,,,1.981239083
,,,,2.0119675
,,,,1.991327541
,,,,2.130996458
,,,,2.126302959
,,,,1.996623209
,,,,1.958932625
,,,,2.021618166
,,,,2.021866334
,,,,1.984475792
,,,,1.963793791
,,,,1.959239417
,,,,2.039265
,,,,2.002909125
,,,,2.005123791
,,,,1.944462416
,,,,2.159991667
,,,,2.227347458
,,,,2.104357375
,,,,2.124167958
,,,,2.438521458
,,,,2.109945542
,,,,2.274263583
,,,,2.087796083
,,,,2.229612167
,,,,2.079793875
,,,,2.265534167
,,,,2.266685375
,,,,2.351736459
,,,,2.2549845
,,,,2.296557792
,,,,2.434868167
,,,,2.381489708
,,,,2.137987292
,,,,2.195290458
,,,,2.125772208
,,,,2.014221
,,,,2.073965458
,,,,2.109572583
,,,,2.124289208
,,,,2.210645625
,,,,2.177780875
,,,,2.1139035
,,,,2.095461208
,,,,2.164048708
,,,,2.153605375
,,,,2.108211583
,,,,2.080793
,,,,2.134791875
,,,,2.10787225
,,,,2.129946125
,,,,2.058604875
,,,,2.108267458
,,,,2.11650575
,,,,2.133952334
,,,,2.340566834
,,,,2.381455667
,,,,2.581046292
,,,,2.232261292
,,,,2.261277166
,,,,2.125888708
,,,,2.12276275
,,,,2.151457166
,,,,2.124799209
,,,,2.21460775
,,,,2.302386333
,,,,2.157726042
,,,,2.342110209
,,,,2.325011167
,,,,2.168699208
,,,,2.135466667
,,,,2.132769042
,,,,2.189775625
,,,,2.111404875
,,,,2.101222208
,,,,2.118444875
,,,,2.318312167
,,,,2.132913959
,,,,2.03673
,,,,2.110250125
,,,,2.096844459
,,,,2.0451065
,,,,2.213839916
,,,,2.2071605
,,,,2.316280583
,,,,2.143828
,,,,2.245381209
,,,,2.115839708
,,,,2.161958834
,,,,2.180038208
,,,,2.195481
,,,,2.196543667
,,,,2.158363375
,,,,2.092613708
,,,,2.126656625
,,,,2.222703125
,,,,2.221346833
,,,,2.125478333
,,,,2.109207959
,,,,2.191117042
,,,,2.15744975
,,,,2.182758
,,,,2.203802959
,,,,2.201668208
,,,,2.237402
,,,,2.195979916
,,,,2.14189475
,,,,2.1741955
,,,,2.230939541
,,,,2.19243425
,,,,2.254272625
,,,,2.271748167
,,,,2.262962417
,,,,2.269216125
,,,,2.191361959
,,,,2.570434917
,,,,2.26770025
,,,,2.369890792
,,,,2.360288
,,,,2.547360917
,,,,2.390369
,,,,2.318225583
,,,,2.241944833
,,,,2.203138166
,,,,2.229383583
,,,,2.090994458
,,,,2.320379
,,,,2.26852825
,,,,2.271496333
,,,,2.24736975
,,,,2.2978155
,,,,2.233637084
,,,,2.169055792
,,,,2.196014833
,,,,2.181445709
,,,,2.230587917
,,,,2.253800792
,,,,2.214659167
,,,,2.203610208
,,,,2.239539708
,,,,2.277281584
,,,,2.247415125
,,,,2.245976208
,,,,2.201780541
,,,,2.318252417
,,,,2.279798625
,,,,2.229261375
,,,,2.216695791
,,,,2.266837375
,,,,2.294142625
,,,,2.34021125
,,,,2.244302125
,,,,2.256704334
,,,,2.322132709
,,,,2.317833666
,,,,2.221523416
,,,,2.29819775
,,,,2.342726708
,,,,2.239177542
,,,,2.257367875
,,,,2.235820542
,,,,2.267822541
,,,,2.351194792
,,,,2.358996417
,,,,2.231789042
,,,,2.255209875
,,,,2.259457209
,,,,2.205827667
,,,,2.205807708
,,,,2.255930791
,,,,2.273297583
,,,,2.248512834
,,,,2.286365167
,,,,2.326921833
,,,,2.232419667
,,,,2.335597167
,,,,2.392312959
,,,,2.297554875
,,,,2.327419459
,,,,2.3106755
,,,,2.312615166
,,,,2.31156625
,,,,2.253098
,,,,2.297052167
,,,,2.359865917
,,,,2.214111375
,,,,2.41528425
,,,,2.218245375
,,,,2.354529333
,,,,2.274180333
,,,,2.280106209
,,,,2.280622875
,,,,2.296923917
,,,,2.295326541
,,,,2.314306417
,,,,2.428403542
,,,,2.459495208
,,,,2.497914042
,,,,2.346270667
,,,,2.224041458
,,,,2.298159417
,,,,2.305602459
,,,,2.328337667
,,,,2.419868167
,,,,2.357702583
,,,,2.420583917
,,,,2.485513334
,,,,2.354191542
,,,,2.278589625
,,,,2.382937708
,,,,2.353599209
,,,,2.38222775
,,,,2.367834042
,,,,2.286331167
,,,,2.304935959
,,,,2.392788375
,,,,2.338219334
,,,,2.34661025
,,,,2.279258292
,,,,2.409903333
,,,,2.419749292
,,,,2.414731625
,,,,2.366278
,,,,2.340993125
,,,,2.368846375
,,,,2.301503041
,,,,2.309855417
,,,,2.445560375
,,,,2.440017625
,,,,2.467497416
,,,,2.374548959
,,,,2.497483542
,,,,2.419424166
,,,,2.38898775
,,,,2.379519834
,,,,2.401889209
,,,,2.344848084
,,,,2.476504208
,,,,2.373754625
,,,,2.430096166
,,,,2.410455833
,,,,2.354505709
,,,,2.460054417
,,,,2.505142416
,,,,2.404700958
,,,,2.359494875
,,,,2.458207417
,,,,2.428734125
,,,,2.459660667
,,,,2.443424208
,,,,2.504502625
,,,,2.338866833
,,,,2.38149925
,,,,2.502536416
,,,,2.386802667
,,,,2.428638834
,,,,2.539465125
,,,,2.471770666
,,,,2.378432125
,,,,2.398525791
,,,,2.457768625
,,,,2.545479959
,,,,2.521604167
,,,,2.416097583
,,,,2.425283625
,,,,2.454093459
,,,,2.349977708
,,,,2.504860292
,,,,2.482502875
,,,,2.347442333
,,,,2.387557584
,,,,2.454589375
,,,,2.506051875
,,,,2.443556791
,,,,2.497443208
,,,,2.41722375
,,,,2.414304958
,,,,2.460956542
,,,,2.482186125
,,,,2.564447708
,,,,2.502178292
,,,,2.395781709
,,,,2.478049209
,,,,2.369705167
,,,,2.56462675
,,,,2.48830025
,,,,2.481806917
,,,,2.497844583
,,,,2.438872
,,,,2.545017875
,,,,2.507086209
,,,,2.588051625
,,,,2.513794916
,,,,2.744571792
,,,,2.645564333
,,,,2.415252083
,,,,2.455084583
,,,,2.487129958
,,,,2.44298325
,,,,2.40622275
,,,,2.424700334
,,,,2.454711666
,,,,2.41135125
,,,,2.529777959
,,,,2.549593958
,,,,2.538953416
,,,,2.591401167
,,,,2.639485541
,,,,2.475986792
,,,,2.464892583
,,,,2.443708041
,,,,2.490742458
,,,,2.502733916
,,,,2.450961458
,,,,2.508469792
,,,,2.482663916
,,,,2.550875709
,,,,2.556442125
,,,,2.439215375
,,,,2.539980333
,,,,2.669516625
,,,,2.519191208
,,,,2.495090875
,,,,2.635236208
,,,,2.530462542
,,,,2.51738225
,,,,2.65767675
,,,,2.492953166
,,,,2.491607166
,,,,2.607580375
,,,,2.484350375
,,,,2.508743166
,,,,2.414057833
,,,,2.467538041
,,,,2.7208255
,,,,2.519312167
,,,,2.589312333
,,,,2.450354084
,,,,2.558432917
,,,,2.514573417
,,,,2.509420459
,,,,2.496994084
,,,,2.512437333
,,,,2.481774083
,,,,2.726633042
,,,,2.788568833
,,,,2.813870375
,,,,2.788726792
,,,,2.690990833
,,,,2.656066333
,,,,2.645880458
,,,,2.521250042
,,,,2.996086708
,,,,2.846665792
,,,,2.8604365
,,,,2.706589875
,,,,3.114707292
,,,,2.664126958
,,,,2.761197917
,,,,2.655177709
,,,,2.635407875
,,,,2.529014583
,,,,2.693315792
,,,,2.71122275
,,,,2.66906425
,,,,2.539619166
,,,,2.613654167
,,,,2.625146042
,,,,2.600564125
,,,,2.713495833
,,,,2.536817584
,,,,2.625695042
,,,,2.60267425
,,,,2.593437583
,,,,2.634710583
,,,,2.829421333
,,,,2.916010084
,,,,2.933868459
,,,,2.607383583
,,,,2.688576708
,,,,2.537223791
,,,,2.686555708
,,,,2.660408459
,,,,2.574685125
,,,,2.702264084
,,,,2.90290875
,,,,2.781003042
,,,,2.739588541
,,,,2.703491625
,,,,2.521460833
,,,,2.600598166
,,,,2.587749792
,,,,2.70802275
,,,,2.590823375
,,,,2.61345425
,,,,2.6639245
,,,,2.627127792
,,,,2.601948292
,,,,2.777781875
,,,,2.668285208
,,,,2.725635375
,,,,2.817352125
,,,,2.607315916
,,,,2.590948875
,,,,2.646414958
,,,,2.601689958
,,,,2.55795525
,,,,2.744498625
,,,,2.590916792
,,,,2.6144665
,,,,2.65973225
,,,,2.719806291
,,,,2.624184
,,,,2.632425458
,,,,2.628619375
,,,,2.65319625
,,,,2.702081167
,,,,2.715287292
,,,,2.640452292
,,,,2.720902166
,,,,2.641941917
,,,,2.604902958
,,,,2.644838875
,,,,2.73637525
,,,,2.899921292
,,,,2.756586375
,,,,2.737913125
,,,,2.75535425
,,,,3.166824875
,,,,2.686832667
,,,,2.736851625
,,,,2.625119125
,,,,2.722868375
,,,,2.6416025
,,,,2.734531125
,,,,2.720837667
,,,,2.711783833
,,,,2.72217075
,,,,2.694997459
,,,,2.681832375
,,,,2.618434542
,,,,2.775505542
,,,,2.852645084
,,,,2.731205792
,,,,2.747191917
,,,,2.634176042
,,,,2.659895916
,,,,2.647769958
,,,,2.6335235
,,,,2.763995
,,,,2.748281291
,,,,2.705853917
,,,,2.840986792
,,,,2.665269958
,,,,2.758111875
,,,,2.765657666
,,,,2.813229708
,,,,2.765092916
,,,,2.765502875
,,,,2.866658417
,,,,2.781838167
,,,,2.781409583
,,,,2.77447575
,,,,2.860550125
,,,,2.783042291
,,,,2.704053292
,,,,2.750848542
,,,,2.745947834
,,,,2.734433916
,,,,2.66965275
,,,,2.69112175
,,,,2.741859625
,,,,2.801062125
,,,,2.735561291
,,,,2.769263
,,,,2.8400215
,,,,2.81111175
,,,,2.696582625
,,,,2.839000292
,,,,2.848365958
,,,,2.750255958
,,,,2.780630208
,,,,2.811124625
,,,,2.819676709
,,,,2.7297435
,,,,2.802446083
,,,,2.818701583
,,,,2.890378125
,,,,2.768091041
,,,,2.862456417
,,,,2.867651875
,,,,2.751872125
,,,,2.781564625
,,,,2.865419792
,,,,2.788347708
,,,,2.684677417
,,,,2.832777209
,,,,2.882344458
,,,,2.780079208
,,,,2.8625215
,,,,2.825475291
,,,,2.883363458
,,,,2.759627584
,,,,2.980360584
,,,,2.791378
,,,,2.841532916
,,,,2.717815625
,,,,2.837303792
,,,,2.859104208
,,,,3.004174125
,,,,2.855439333
,,,,2.758939333
,,,,2.834302958
,,,,2.824670916
,,,,2.937916791
,,,,2.753298583
,,,,2.874876042
,,,,2.876993375
,,,,2.75404875
,,,,2.851493291
,,,,2.866782417
,,,,2.912481083
,,,,3.009854375
,,,,2.7893685
,,,,2.873672292
,,,,2.803544625
,,,,2.926601333
,,,,2.98045775
,,,,2.958448792
,,,,2.933077041
,,,,2.8822745
,,,,2.874987459
,,,,2.888377583
,,,,2.840335958
,,,,2.803979459
,,,,2.810100709
,,,,2.877568166
,,,,2.954416834
,,,,2.867687333
,,,,2.899635917
,,,,2.82613725
,,,,2.820824292
,,,,2.895193125
,,,,2.908181084
,,,,2.8140385
,,,,2.992648542
,,,,2.870792125
,,,,2.89284125
,,,,2.883839042
,,,,2.898745459
,,,,2.881507083
,,,,2.92919525
,,,,2.975510208
,,,,2.898522334
,,,,2.945101416
,,,,2.926909042
,,,,2.779782458
,,,,3.064921333
,,,,2.946623416
,,,,2.970950917
,,,,2.8862565
,,,,2.892816792
,,,,2.95353825
,,,,2.83896575
,,,,2.859409416
,,,,2.961017792
,,,,3.02590725
,,,,3.027827583
,,,,2.882828042
,,,,3.014716209
,,,,2.854189875
,,,,2.927031708
,,,,2.960251792
,,,,2.948953667
,,,,2.843995083
,,,,2.904013834
,,,,2.944029625
,,,,2.922249458
,,,,2.957247708
,,,,3.060800375
,,,,2.990427833
,,,,2.936303958
,,,,3.005498709
,,,,2.93664225
,,,,2.956083125
,,,,2.9064575
,,,,2.868390416
,,,,2.95683575
,,,,3.089737083
,,,,2.939019458
,,,,2.926917625
,,,,2.986831667
,,,,2.992826917
,,,,2.867952208
,,,,3.031943041
,,,,3.035570667
,,,,2.951729917
,,,,3.00797475
,,,,2.9404875
,,,,3.017331209
,,,,2.949304
,,,,3.00790825
,,,,2.890108041
,,,,3.043785917
,,,,2.961890167
,,,,2.995371083
,,,,2.965222125
,,,,2.905483667
,,,,2.865300166
,,,,3.014481708
,,,,2.965430167
,,,,3.01018275
,,,,2.997728375
,,,,3.021277
,,,,2.927700708
,,,,2.961972625
,,,,3.022321459
,,,,2.947520042
,,,,2.954566791
,,,,3.031551625
,,,,3.105284709
,,,,3.066402833
,,,,3.058832708
,,,,2.956317083
,,,,3.053022791
,,,,2.943148625
,,,,2.951674084
,,,,3.055499459
,,,,2.997449417
,,,,3.051911708
,,,,3.041432208
,,,,3.115220833
,,,,3.050666958
,,,,3.054928583
,,,,2.984438708
,,,,2.979961458
,,,,3.024950667
,,,,2.973805625
,,,,3.09234
,,,,3.049985542
,,,,2.982855625
,,,,3.032128792
,,,,3.033847209
,,,,2.940067709
,,,,3.0362545
,,,,3.092397791
,,,,2.995127917
,,,,3.0023535
,,,,3.039704667
,,,,3.080053166
,,,,3.1928375
,,,,3.026638834
,,,,3.019122375
,,,,3.16362475
,,,,3.130382209
,,,,3.076030834
,,,,3.115551916
,,,,3.108099333
,,,,3.004215709
,,,,3.130966417
,,,,3.046207958
,,,,2.913832792
,,,,2.969329292
,,,,2.977954041
,,,,2.981015458
,,,,3.122996625
,,,,3.1030505
,,,,2.973122708
,,,,3.0234015
,,,,3.012594542
,,,,3.027906958
,,,,3.101692125
,,,,3.063832291
,,,,3.13353425
,,,,3.387522416
,,,,3.237034292
,,,,3.444926375
,,,,3.290241375
,,,,3.215425042
,,,,3.152556833
,,,,3.376040333
,,,,3.329660292
,,,,3.37709975
,,,,3.471272875
,,,,3.537703333
,,,,3.201376666
,,,,3.082863125
,,,,3.101848208
,,,,3.131657875
,,,,3.156330292
,,,,3.154472875
,,,,3.101721792
,,,,3.1204165
,,,,3.124691667
,,,,3.250138208
,,,,3.036979292
,,,,3.067901083
,,,,3.125121
,,,,3.154854584
,,,,3.220258625
,,,,3.605433125
,,,,3.6098
,,,,3.272678333
,,,,3.330338792
,,,,3.198632667
,,,,3.211021292
,,,,3.047927667
,,,,3.319944583
,,,,3.5689065
,,,,3.145137125
,,,,3.145581459
,,,,3.346136625
,,,,3.135781292
,,,,3.032417458
,,,,3.238917208
,,,,3.090625291
,,,,3.078251792
,,,,3.1071685
,,,,3.283195833
,,,,3.194489292
,,,,3.189019458
,,,,3.164424542
,,,,3.124196792
,,,,3.19143975
,,,,3.282864958
,,,,3.065698291
,,,,3.084713542
,,,,3.205629625
,,,,3.148959667
,,,,3.261106333
,,,,3.145587791
,,,,3.116326542
,,,,3.13881925
,,,,3.239796583
,,,,3.167570083
,,,,3.132729166
,,,,3.185948083
,,,,3.2778405
,,,,3.127530459
,,,,3.182260333
,,,,3.5201725
,,,,3.442277667
,,,,3.304898791
,,,,3.421347292
,,,,3.672078917
,,,,3.223561459
,,,,3.17304275
,,,,3.172033084
,,,,3.134587708
,,,,3.202648416
,,,,3.181582458
,,,,3.341262583
,,,,3.310192083
,,,,3.171982291
,,,,3.323186541
,,,,3.150650917
,,,,3.159332
,,,,3.242905042
,,,,3.199054875
,,,,3.184659292
,,,,3.231954584
,,,,3.231787875
,,,,3.153698875
,,,,3.137420417
,,,,3.273171541
,,,,3.261780958
,,,,3.14566125
,,,,3.297462625
,,,,3.255825833
,,,,3.252615916
,,,,3.2628645
,,,,3.216011334
,,,,3.272361417
,,,,3.385337417
,,,,3.241293333
,,,,3.143977875
,,,,3.177160584
,,,,3.272028542
,,,,3.218329458
,,,,3.16245875
,,,,3.287961708
,,,,3.222982333
,,,,3.286220375
,,,,3.349460792
,,,,3.286297
,,,,3.260875917
,,,,3.235198208
,,,,3.330700542
,,,,3.304081833
,,,,3.26313275
,,,,3.346939708
,,,,3.222954292
,,,,3.307218166
,,,,3.441544667
,,,,3.274285833
,,,,3.320421542
,,,,3.320949458
,,,,3.25214875
,,,,3.444732333
,,,,3.305281209
,,,,3.195131459
,,,,3.271139417
,,,,3.274985417
,,,,3.318142833
,,,,3.26722175
,,,,3.308612125
,,,,3.266704375
,,,,3.435383792
,,,,3.362262125
,,,,3.382667833
,,,,3.39429225
,,,,3.335602584
,,,,3.376358583
,,,,3.608605459
,,,,3.437127542
,,,,3.28135775
,,,,3.42136075
,,,,3.3067315
,,,,3.230413667
,,,,3.365512375
,,,,3.292458917
,,,,3.167710959
,,,,3.389725125
,,,,3.304340375
,,,,3.321524917
,,,,3.538411334
,,,,3.364900666
,,,,3.231063917
,,,,3.344713958
,,,,3.3705805
,,,,3.181828375
,,,,3.311011833
,,,,3.321513042
,,,,3.2956205
,,,,3.370868458
,,,,3.410144125
,,,,3.385357625
,,,,3.422325875
,,,,3.397283917
,,,,3.435554
,,,,3.473981416
,,,,3.441657584
,,,,3.4470885
,,,,3.368711834
,,,,3.384408291
,,,,3.374552125
,,,,3.490990625
,,,,3.376249667
,,,,3.317808375
,,,,3.300614291
,,,,3.400310417
,,,,3.305217542
,,,,3.567187417
,,,,3.420329875
,,,,3.342222291
,,,,3.414644917
,,,,3.384954708
,,,,3.425307584
,,,,3.31690625
,,,,3.421088334
,,,,3.527502125
,,,,3.417253625
,,,,3.354657334
,,,,3.321672958
,,,,3.381306292
,,,,3.361602792
,,,,3.350569333
,,,,3.337487333
,,,,3.436828167
,,,,3.402699625
,,,,3.6138265
,,,,3.442685083
,,,,3.344824416
,,,,3.428877666
,,,,3.406525584
,,,,3.365436708
,,,,3.615307291
,,,,3.369201583
,,,,3.465560458
,,,,3.416443959
,,,,3.545744916
,,,,3.467553833
,,,,3.393318333
,,,,3.521503625
,,,,3.387264416
,,,,3.410710125
,,,,3.426177875
,,,,3.371196
,,,,3.497046417
,,,,3.527878708
,,,,3.432167333
,,,,3.43147575
,,,,3.433609916
,,,,3.39819775
,,,,3.388254375
,,,,3.4695705
,,,,3.38091525
,,,,3.47239675
,,,,3.364066458
,,,,3.504468458
,,,,3.493459
,,,,3.551429167
,,,,3.388409583
,,,,3.551812708
,,,,3.386604916
,,,,3.471166541
,,,,3.593993292
,,,,3.487914291
,,,,3.438572709
,,,,3.42391275
,,,,3.431896583
,,,,3.44650125
,,,,3.502811708
,,,,3.725496917
,,,,3.479615458
,,,,3.517003791
,,,,3.475993667
,,,,3.493615
,,,,3.332471125
,,,,3.448338417
,,,,3.540338708
,,,,3.474936541
,,,,3.459204458
,,,,3.500892958
,,,,3.521595042
,,,,3.543948
,,,,3.505361125
,,,,3.454181958
,,,,3.469097584
,,,,3.442365
,,,,3.446180375
,,,,3.466960541
,,,,3.499960667
,,,,3.449723458
,,,,3.64586425
,,,,3.600952
,,,,3.429813334
,,,,3.518176708
,,,,3.474992792
,,,,3.442291083
,,,,3.57739475
,,,,3.555085333
,,,,3.615934209
,,,,3.5320405
,,,,3.544683208
,,,,3.520453917
,,,,3.692777792
,,,,3.690841041
,,,,3.609401791
,,,,3.504735958
,,,,3.539303041
,,,,3.509003542
,,,,3.4742045
,,,,3.607213
,,,,3.497259875
,,,,3.417105125
,,,,3.508605291
,,,,3.547675583
,,,,3.727797625
,,,,3.587656542
,,,,3.608799708
,,,,3.634752875
,,,,3.573493334
,,,,3.497742959
,,,,3.591936875
,,,,3.427627208
,,,,3.497165958
,,,,3.592946416
,,,,3.512453834
,,,,3.696166666
,,,,3.552196666
,,,,3.56578625
,,,,3.538695125
,,,,3.469213375
,,,,3.5861155
,,,,3.587232292
,,,,3.584359417
,,,,3.604104542
,,,,3.53150525
,,,,3.527745042
,,,,3.598053583
,,,,3.591414917
,,,,3.49940925
,,,,3.577938625
,,,,3.675261125
,,,,3.65379175
,,,,3.484115917
,,,,3.680406208
,,,,3.621314208
,,,,3.676418417
,,,,3.587807541
,,,,3.691286333
,,,,3.492895959
,,,,3.460280625
,,,,3.566085625
,,,,3.622524625
,,,,3.515851625
,,,,3.713342208
,,,,3.530901667
,,,,3.50202925
,,,,3.543966875
,,,,3.51679725
,,,,3.512733625
,,,,3.533527292
,,,,3.716197125
,,,,3.956790125
,,,,4.051814167
,,,,3.799763541
,,,,3.741229667
,,,,3.669322542
,,,,4.031476625
,,,,3.780886166
,,,,3.96200125
,,,,4.064907458
,,,,3.745762291
,,,,3.642710458
,,,,3.656619292
,,,,3.679676666
,,,,3.773276459
,,,,3.617189625
,,,,3.584334375
,,,,3.678545
,,,,3.681687667
,,,,3.615171541
,,,,3.613972916
,,,,3.716355208
,,,,3.805937625
,,,,4.212960375
,,,,3.9490655
,,,,3.593392791
,,,,3.60356025
,,,,3.624314791
,,,,3.73577125
,,,,4.009810292
,,,,3.895751459
,,,,3.6073965
,,,,3.68023425
,,,,3.682133625
,,,,3.730491875
,,,,3.765267167
,,,,3.68959925
,,,,3.531166625
,,,,3.697961167
,,,,3.913765167
,,,,3.691016708
,,,,3.634291708
,,,,3.684663209
,,,,3.728900292
,,,,3.628748084
,,,,3.686586917
,,,,3.549656708
,,,,3.651363542
,,,,3.819868916
,,,,3.645434292
,,,,3.589460541
,,,,3.680307709
,,,,3.593464375
,,,,3.626471625
,,,,3.749406541
,,,,3.58462325
,,,,3.624185166
,,,,3.881175625
,,,,4.132831958
,,,,3.785742708
,,,,4.079367708
,,,,3.965700833
,,,,3.768353292
,,,,3.656101792
,,,,3.701912166
,,,,3.812996625
,,,,3.648355625
,,,,3.779999416
,,,,3.674655375
,,,,3.710691875
,,,,3.764614166
,,,,3.690417958
,,,,3.800388125
,,,,3.717982459
,,,,3.719771417
,,,,3.672315833
,,,,3.819982667
,,,,3.834114666
,,,,3.823122625
,,,,3.688833333
,,,,3.788836084
,,,,3.649848209
,,,,3.867933042
,,,,3.718189583
,,,,3.712442791
,,,,3.699909875
,,,,3.808442375
,,,,3.75832725
,,,,3.555105334
,,,,3.752880125
,,,,3.669392833
,,,,3.670826084
,,,,3.770173
,,,,3.654201625
,,,,3.743788916
,,,,3.783356125
,,,,3.771349
,,,,3.702591958
,,,,3.758007333
,,,,3.721392667
,,,,3.798919917
,,,,3.753664167
,,,,3.701703916
,,,,3.896329417
,,,,3.850155917
,,,,3.786667625
,,,,3.818961333
,,,,3.870419916
,,,,4.04016225
,,,,3.820612542
,,,,3.802341958
,,,,3.846953334
,,,,3.7280325
,,,,3.917902917
,,,,3.715062959
,,,,3.847595875
,,,,3.953953542
,,,,3.770218125
,,,,3.846493875
,,,,3.780387083
,,,,3.932995042
,,,,3.864057833
,,,,3.832525416
,,,,3.911172125
,,,,3.759137375
,,,,3.761711042
,,,,3.860221542
,,,,3.758726917
,,,,3.859016292
,,,,3.825610333
,,,,3.902694583
,,,,4.027960458
,,,,3.904693625
,,,,3.787444375
,,,,3.82608775
,,,,3.794261958
,,,,3.831226541
,,,,3.92947825
,,,,3.828705583
,,,,3.891383416
,,,,3.845448292
,,,,3.853128042
,,,,3.914516958
,,,,3.774987791
,,,,3.968216833
,,,,3.755602333
,,,,3.864197375
,,,,4.045258125
,,,,3.882109375
,,,,3.977700583
,,,,3.925428042
,,,,3.611486334
,,,,3.929895833
,,,,3.824790416
,,,,3.853280292
,,,,3.863993042
,,,,3.814083333
,,,,3.860409416
,,,,3.808699458
,,,,3.750312
,,,,4.046915291
,,,,3.795828375
,,,,3.897792041
,,,,3.943788583
,,,,3.8810415
,,,,3.892480875
,,,,3.845234708
,,,,3.767466667
,,,,3.95433475
,,,,3.808057833
,,,,3.946996458
,,,,3.896506417
,,,,3.937075667
,,,,3.910501083
,,,,3.913758709
,,,,3.876448458
,,,,3.870085625
,,,,3.934719541
,,,,3.927922708
,,,,3.975810625
,,,,3.894617084
,,,,4.000143958
,,,,3.859266875
,,,,3.97453525
,,,,3.885823875
,,,,3.9698055
,,,,3.969252
,,,,3.888626709
,,,,3.928814667
,,,,3.946392041
,,,,4.049439708
,,,,3.948570583
,,,,4.020896541
,,,,3.988504167
,,,,3.902712958
,,,,3.915661
,,,,4.018821709
,,,,3.930290875
,,,,3.833329541
,,,,4.045152791
,,,,3.875871667
,,,,3.892004708
,,,,3.834665375
,,,,3.904236584
,,,,3.959289625
,,,,3.803986458
,,,,3.864468125
,,,,3.980824625
,,,,3.98671975
,,,,4.005733958
,,,,3.831237084
,,,,4.020426292
,,,,3.931840167
,,,,3.771469583
,,,,4.02961675
,,,,3.983477584
,,,,4.032470917
,,,,3.949606292
,,,,3.867637916
,,,,3.928695541
,,,,4.076427833
,,,,4.113001459
,,,,4.0260515
,,,,3.948364875
,,,,3.924099292
,,,,3.995091375
,,,,3.897855833
,,,,4.039959625
,,,,3.888484083
,,,,4.022435083
,,,,3.999506042
,,,,3.86321675
,,,,4.103596958
,,,,4.09777625
,,,,3.896654541
,,,,3.96723575
,,,,4.029465959
,,,,4.044980584
,,,,3.948330792
,,,,3.9582965
,,,,4.026355
,,,,3.945291708
,,,,3.921965666
,,,,3.964166625
,,,,3.98347975
,,,,4.107339
,,,,4.100579458
,,,,4.020651
,,,,4.070023875
,,,,4.019900625
,,,,3.975592833
,,,,3.981107167
,,,,3.981363542
,,,,4.121142584
,,,,4.084229833
,,,,4.026336208
,,,,3.982153459
,,,,4.133555708
,,,,4.040623292
,,,,4.044148708
,,,,4.061381292
,,,,3.976026583
,,,,4.072717875
,,,,4.00171875
,,,,4.014612916
,,,,4.164329208
,,,,4.001815209
,,,,3.975653375
,,,,4.078991167
,,,,4.044556291
,,,,4.09276075
,,,,4.241029875
,,,,4.252794833
,,,,4.166018542
,,,,4.061611167
,,,,4.111878625
,,,,3.997051917
,,,,4.035839542
,,,,4.055431791
,,,,4.116697708
,,,,3.963578375
,,,,3.931892833
,,,,4.081272083
,,,,4.020251625
,,,,4.095594166
,,,,4.152957
,,,,4.067624959
,,,,4.030684292
,,,,4.052230541
,,,,4.141891125
,,,,4.25670125
,,,,3.985362917
,,,,4.079819375
,,,,4.072258959
,,,,4.226546666
,,,,4.065285625
,,,,4.165308666
,,,,4.151548833
,,,,3.999775625
,,,,4.139225458
,,,,4.097854666
,,,,4.058796208
,,,,4.038914209
,,,,4.09596325
,,,,4.19973575
,,,,4.093744125
,,,,4.125578958
,,,,4.161126625
,,,,4.086200375
,,,,4.138662
,,,,4.159751708
,,,,4.203324125
,,,,4.057233542
,,,,4.121786208
,,,,4.062910209
,,,,4.08233275
,,,,4.124148833
,,,,4.085365875
,,,,4.101956459
,,,,4.079580708
,,,,4.202437583
,,,,4.068174
,,,,3.995344125
,,,,4.069122334
,,,,3.968620916
,,,,4.275816875
,,,,4.051234292
,,,,3.996657708
,,,,4.029002334
,,,,4.012194042
,,,,3.935309834
,,,,4.217785084
,,,,4.576189334
,,,,4.518900917
,,,,4.259746917
,,,,4.324157875
,,,,4.474691833
,,,,4.45849725
,,,,4.530362
,,,,4.823476625
,,,,4.289054875
,,,,4.168473
,,,,4.180548417
,,,,4.205303667
,,,,4.164403625
,,,,4.149313917
,,,,4.102106125
,,,,4.129649167
,,,,4.1087345
,,,,4.197745666
,,,,4.106214417
,,,,4.762937875
,,,,4.677358708
,,,,4.187654292
,,,,4.284071917
,,,,4.248443292
,,,,4.286416334
,,,,4.504182541
,,,,4.262886959
,,,,4.168110625
,,,,4.106870542
,,,,4.365576584
,,,,4.166205583
,,,,4.089055333
,,,,4.121759875
,,,,4.266533542
,,,,4.251759416
,,,,4.192354875
,,,,4.092061916
,,,,4.202146375
,,,,4.111163208
,,,,4.293105625
,,,,4.341129459
,,,,4.201488625
,,,,4.212617209
,,,,4.157009917
,,,,4.134508875
,,,,4.144076625
,,,,4.262641041
,,,,4.1897505
,,,,4.106214334
,,,,4.226108583
,,,,4.601998708
,,,,4.370640459
,,,,4.709542292
,,,,4.322568542
,,,,4.22206475
,,,,4.216134625
,,,,4.288128333
,,,,4.161989375
,,,,4.219821333
,,,,4.266518917
,,,,4.175586708
,,,,4.185162125
,,,,4.293872667
,,,,4.2483545
,,,,4.193165208
,,,,4.184694584
,,,,4.144853583
,,,,4.274251791
,,,,4.232748334
,,,,4.244459875
,,,,4.355290667
,,,,4.186173416
,,,,4.388540291
,,,,4.162340833
,,,,4.305346417
,,,,4.399003334
,,,,4.184695833
,,,,4.216302042
,,,,4.203871833
,,,,4.293188417
,,,,4.209623833
,,,,4.171965458
,,,,4.245135542
,,,,4.217732709
,,,,4.305991292
,,,,4.356445375
,,,,4.289648333
,,,,4.300068208
,,,,4.259478334
,,,,4.227369334
,,,,4.348705625
,,,,4.411189584
,,,,4.352734125
,,,,4.339195958
,,,,4.220485166
,,,,4.329273583
,,,,4.348219208
,,,,4.416368041
,,,,4.235697667
,,,,4.403108542
,,,,4.314258625
,,,,4.469422125
,,,,4.299264042
,,,,4.256474625
,,,,4.361614458
,,,,4.340638583
,,,,4.215145333
,,,,4.333827375
,,,,4.265188625
,,,,4.2586905
,,,,4.331258667
,,,,4.312473208
,,,,4.294618958
,,,,4.26086275
,,,,4.4524025
,,,,4.354598042
,,,,4.357928333
,,,,4.274585583
,,,,4.343536709
,,,,4.301803333
,,,,4.286820459
,,,,4.325823541
,,,,4.474074416
,,,,4.389504083
,,,,4.374411209
,,,,4.372192042
,,,,4.485042375
,,,,4.417348208
,,,,4.334513083
,,,,4.474750709
,,,,4.310197708
,,,,4.311452625
,,,,4.272871792
,,,,4.578678833
,,,,4.420274625
,,,,4.473700208
,,,,4.543438125
,,,,4.373259084
,,,,4.39363025
,,,,4.417706292
,,,,4.384202209
,,,,4.306064542
,,,,4.420207625
,,,,4.318606541
,,,,4.286215333
,,,,4.341237666
,,,,4.328306209
,,,,4.477595209
,,,,4.357053125
,,,,4.439409875
,,,,4.385931791
,,,,4.412980583
,,,,4.3459725
,,,,4.425863084
,,,,4.369458125
,,,,4.489004208
,,,,4.40143175
,,,,4.335249417
,,,,4.454908
,,,,4.345257292
,,,,4.3569865
,,,,4.392139458
,,,,4.323763291
,,,,4.363551542
,,,,4.519894125
,,,,4.438588792
,,,,4.406803458
,,,,4.432795667
,,,,4.610854917
,,,,4.396955583
,,,,4.310991625
,,,,4.380218167
,,,,4.580619375
,,,,4.422627417
,,,,4.54529125
,,,,4.396516375
,,,,4.353448625
,,,,4.464086291
,,,,4.515981875
,,,,4.449966167
,,,,4.427327417
,,,,4.4518925
,,,,4.526610833
,,,,4.404397083
,,,,4.358535041
,,,,4.36120725
,,,,4.644709917
,,,,4.44849
,,,,4.40311825
,,,,4.464566333
,,,,4.376207292
,,,,4.409896625
,,,,4.442519458
,,,,4.442648417
,,,,4.399899917
,,,,4.43062775
,,,,4.462915375
,,,,4.439818959
,,,,4.362635875
,,,,4.549055125
,,,,4.416485375
,,,,4.425135958
,,,,4.441852333
,,,,4.473728542
,,,,4.389004833
,,,,4.46277
,,,,4.454159042
,,,,4.458020375
,,,,4.414924584
,,,,4.489316208
,,,,4.600036042
,,,,4.477587875
,,,,4.458633042
,,,,4.521763958
,,,,4.395774291
,,,,4.490698375
,,,,4.397235833
,,,,4.498186666
,,,,4.579999458
,,,,4.55325425
,,,,4.437701167
,,,,4.470826292
,,,,4.502903541
,,,,4.625857209
,,,,4.388637958
,,,,4.480405958
,,,,4.414505084
,,,,4.521033208
,,,,4.539736791
,,,,4.475445833
,,,,4.6437725
,,,,4.504149625
,,,,4.47918925
,,,,4.510334125
,,,,4.620905291
,,,,4.514720209
,,,,4.658941167
,,,,4.549620875
,,,,4.500092875
,,,,4.551301709
,,,,4.486195917
,,,,4.527406
,,,,4.394941458
,,,,4.5792385
,,,,4.512714042
,,,,4.649050917
,,,,4.53790875
,,,,4.621900792
,,,,4.445680792
,,,,4.44086225
,,,,4.541835458
,,,,4.471584041
,,,,4.538527667
,,,,4.656360125
,,,,4.550428958
,,,,4.6703395
,,,,4.469096667
,,,,4.505564208
,,,,4.511583917
,,,,4.68281075
,,,,4.476146417
,,,,4.527559417
,,,,4.500159834
,,,,4.630727167
,,,,4.69520975
,,,,4.580702959
,,,,4.5628585
,,,,4.590953125
,,,,4.507812166
,,,,4.537325791
,,,,4.532404833
,,,,4.607602583
,,,,4.543292417
,,,,4.631355625
,,,,4.717918417
,,,,4.710589959
,,,,4.592039458
,,,,4.618714042
,,,,4.6092225
,,,,4.502295875
,,,,4.657821166
,,,,4.536748542
,,,,4.71663625
,,,,4.698816167
,,,,4.602749167
,,,,4.712071708
,,,,4.733046541
,,,,4.600708209
,,,,4.606146416
,,,,4.649002542
,,,,4.53687575
,,,,4.509232625
,,,,4.575299958
,,,,4.67455525
,,,,4.55417125
,,,,4.648895583
,,,,4.601725125
,,,,4.658115875
,,,,4.633449875
,,,,4.585912959
,,,,4.526383875
,,,,4.562201375
,,,,4.486341792
,,,,4.615703167
,,,,4.609659959
,,,,4.749374125
,,,,4.678343916
,,,,4.673553125
,,,,4.541228833
,,,,4.560564875
,,,,4.600015416
,,,,4.588161292
,,,,4.774855
,,,,4.792306166
,,,,4.600754916
,,,,4.618773458
,,,,4.676036584
,,,,4.516579084
,,,,4.703779792
,,,,4.546123708
,,,,4.458387709
,,,,4.756232333
,,,,4.608454
,,,,4.562434166
,,,,4.569561542
,,,,4.739268541
,,,,4.648317375
,,,,4.637767792
,,,,4.541502875
,,,,4.428888917
,,,,4.55422425
,,,,4.830623833
,,,,5.104919167
,,,,4.832510166
,,,,4.914737208
,,,,5.199313125
,,,,4.982014875
,,,,5.145333375
,,,,4.874369875
,,,,4.635629
,,,,4.704765
,,,,4.645213
,,,,4.892426667
,,,,4.699425875
,,,,4.716393458
,,,,4.71109875
,,,,4.661602792
,,,,4.656112333
,,,,5.249388083
,,,,5.469578875
,,,,5.0098005
,,,,4.713434
,,,,4.887098333
,,,,5.0201965
,,,,5.088376875
,,,,4.792122667
,,,,4.688758916
,,,,4.685562125
,,,,4.752846375
,,,,4.546474458
,,,,4.65710225
,,,,4.9628815
,,,,5.060522584
,,,,4.642785292
,,,,4.716202583
,,,,4.668179209
,,,,4.704140292
,,,,4.780740125
,,,,4.655307666
,,,,4.740260917
,,,,4.628977583
,,,,4.70561575
,,,,4.814220792
,,,,4.606838291
,,,,4.679109083
,,,,5.140417958
,,,,4.997753334
,,,,4.97193675
,,,,5.022606125
,,,,4.573384167
,,,,4.674923166
,,,,4.795338541
,,,,4.664956417
,,,,4.794321541
,,,,4.78380575
,,,,4.721184584
,,,,4.638593583
,,,,4.86764075
,,,,4.535197416
,,,,4.792934875
,,,,4.825993875
,,,,4.790381375
,,,,4.965505416
,,,,4.829490417
,,,,4.6965755
,,,,4.583096
,,,,4.764728792
,,,,4.675539208
,,,,4.844157292
,,,,4.699129667
,,,,4.679799542
,,,,4.652077625
,,,,4.704961584
,,,,4.824866583
,,,,4.672384125
,,,,4.752535
,,,,4.765198
,,,,4.850373125
,,,,4.665747833
,,,,4.803519166
,,,,4.7199565
,,,,4.810897792
,,,,4.794565875
,,,,4.906383083
,,,,4.779792
,,,,4.811814625
,,,,4.632190916
,,,,4.764936333
,,,,4.79348625
,,,,4.82457925
,,,,4.800224208
,,,,4.723121542
,,,,4.730449584
,,,,4.898145833
,,,,4.827663959
,,,,4.922688208
,,,,4.914595125
,,,,4.957572917
,,,,4.929322125
,,,,4.832375458
,,,,4.930604708
,,,,4.724868208
,,,,4.710908625
,,,,4.944738708
,,,,4.872624583
,,,,4.857141792
,,,,4.785586666
,,,,4.761169625
,,,,4.967510667
,,,,4.906634542
,,,,4.807577334
,,,,4.709333
,,,,4.974945125
,,,,4.808046584
,,,,4.8942905
,,,,4.76171
,,,,4.83463575
,,,,4.788802958
,,,,4.935777417
,,,,4.798986833
,,,,4.955872125
,,,,4.792735875
,,,,4.844281667
,,,,4.835747833
,,,,4.881775291
,,,,4.823253625
,,,,4.838082417
,,,,4.909932167
,,,,4.797891208
,,,,5.029232166
,,,,4.933820417
,,,,4.820055041
,,,,5.001463792
,,,,5.047926083
,,,,4.86056025
,,,,4.809905291
,,,,4.909876541
,,,,4.771340167
,,,,4.991546584
,,,,5.056485
,,,,4.823023125
,,,,5.063047417
,,,,4.847556667
,,,,4.881272542
,,,,4.967079625
,,,,4.910315708
,,,,4.934791333
,,,,5.042554916
,,,,4.884117083
,,,,4.883777042
,,,,4.875856417
,,,,4.859782083
,,,,4.740049791
,,,,5.010339542
,,,,4.931837583
,,,,4.978894041
,,,,4.963661583
,,,,4.884772292
,,,,4.808715584
,,,,5.034407958
,,,,4.909453167
,,,,4.8686525
,,,,4.980902208
,,,,5.062076041
,,,,4.92595625
,,,,4.887899667
,,,,5.028381708
,,,,4.870891125
,,,,4.852257041
,,,,4.942581667
,,,,4.958762083
,,,,4.974161
,,,,4.854915375
,,,,4.982549041
,,,,4.934335833
,,,,4.881059209
,,,,4.8817405
,,,,5.036753958
,,,,4.967353042
,,,,4.9274855
,,,,4.906714333
,,,,4.786954625
,,,,4.999958792
,,,,4.902887541
,,,,4.988230625
,,,,5.138099917
,,,,5.043143042
,,,,5.028665542
,,,,4.776255
,,,,5.160189167
,,,,4.943895875
,,,,4.97462475
,,,,4.794974625
,,,,4.958442417
,,,,4.897135167
,,,,4.894341625
,,,,5.042766833
,,,,5.088816084
,,,,5.023831584
,,,,4.976457833
,,,,5.001745667
,,,,4.928849292
,,,,4.967750208
,,,,5.031397833
,,,,5.052311291
,,,,4.919775084
,,,,5.044312833
,,,,5.02113075
,,,,4.97383
,,,,4.956885
,,,,5.067693666
,,,,4.986027
,,,,5.033169666
,,,,4.974018417
,,,,4.967349917
,,,,5.141757209
,,,,4.966585292
,,,,5.105114084
,,,,5.038944167
,,,,5.201916125
,,,,5.101633083
,,,,4.951547167
,,,,5.067418458
,,,,4.970926417
,,,,4.92079
,,,,4.922700458
,,,,4.915985709
,,,,5.001397
,,,,5.13529075
,,,,5.043688416
,,,,5.017601958
,,,,5.060355833
,,,,5.040281667
,,,,5.117835833
,,,,5.120865334
,,,,5.111999709
,,,,5.077742375
,,,,5.041915916
,,,,5.036335834
,,,,5.104433625
,,,,5.092422917
,,,,5.077159458
,,,,5.057356417
,,,,5.140079583
,,,,5.1237585
,,,,5.041670333
,,,,5.047233291
,,,,5.085617125
,,,,4.999874417
,,,,5.127059083
,,,,5.050600333
,,,,5.167881833
,,,,5.072218917
,,,,5.114824791
,,,,5.095807833
,,,,5.096998667
,,,,5.162051792
,,,,4.924006292
,,,,5.032173833
,,,,5.124887667
,,,,5.165073833
,,,,5.148207209
,,,,5.264480542
,,,,5.118389542
,,,,5.291021334
,,,,5.466668334
,,,,5.491658208
,,,,5.204944334
,,,,5.20038475
,,,,5.186222917
,,,,5.307752584
,,,,5.008847208
,,,,5.108376125
,,,,5.023567208
,,,,5.187075042
,,,,5.067313125
,,,,5.24365875
,,,,5.128258959
,,,,5.060855416
,,,,5.148425
,,,,5.08545775
,,,,5.087355541
,,,,5.16376375
,,,,5.194624917
,,,,4.937085833
,,,,5.07528375
,,,,5.128435708
,,,,5.110908917
,,,,5.094167208
,,,,5.045429083
,,,,5.238453792
,,,,5.095530291
,,,,5.060286167
,,,,5.190720959
,,,,5.10703425
,,,,5.226856667
,,,,5.060771959
,,,,5.16962675
,,,,5.090236791
,,,,5.191082125
,,,,5.055281333
,,,,5.134627792
,,,,5.18770125
,,,,5.166597291
,,,,4.982628959
,,,,5.153871
,,,,5.035633417
,,,,5.128753
,,,,5.178266458
,,,,5.259148083
,,,,5.089056125
,,,,5.264450084
,,,,5.068979167
,,,,5.24799575
,,,,5.114163
,,,,5.141429458
,,,,5.207604708
,,,,5.176487125
,,,,5.12621725
,,,,5.138449792
,,,,5.107773667
,,,,5.185280916
,,,,5.104094791
,,,,5.157689792
,,,,5.181601167
,,,,5.064037875
,,,,5.118168042
,,,,5.000062458
,,,,5.176200625
,,,,5.096614917
,,,,5.072164417
,,,,5.1458355
,,,,5.159323083
,,,,5.455187167
,,,,5.752985583
,,,,5.447817334
,,,,5.259824791
,,,,5.630678708
,,,,5.674382167
,,,,5.711303917
,,,,5.214547417
,,,,5.2406605
,,,,5.337485625
,,,,5.288880625
,,,,5.228560458
,,,,5.297731958
,,,,5.274458542
,,,,5.197423167
,,,,5.554265459
,,,,6.060903208
,,,,5.336679042
,,,,5.288663209
,,,,5.313506542
,,,,5.695118125
,,,,5.191805333
,,,,5.263179875
,,,,5.146780792
,,,,5.276977375
,,,,5.091239292
,,,,5.316010167
,,,,5.342900542
,,,,5.352692917
,,,,5.17301925
,,,,5.349270667
,,,,5.351462333
,,,,5.158428
,,,,5.1010885
,,,,5.112678292
,,,,5.226960292
,,,,5.178945541
,,,,5.12658175
,,,,5.43059875
,,,,5.437318
,,,,5.720967792
,,,,5.415435583
,,,,5.690231958
,,,,5.086051667
,,,,5.138313792
,,,,5.2514755
,,,,5.188105208
,,,,5.281315791
,,,,5.205319209
,,,,5.309118375
,,,,5.272314792
,,,,5.29502775
,,,,5.187818042
,,,,5.082628583
,,,,5.188252917
,,,,5.183709333
,,,,5.296731125
,,,,5.160013167
,,,,5.320757583
,,,,5.159701166
,,,,5.520935583
,,,,5.099907625
,,,,5.137521458
,,,,5.164116916
,,,,5.140409458
,,,,5.485943125
,,,,5.252386
,,,,5.297455375
,,,,5.257408541
,,,,5.235916666
,,,,5.341339375
,,,,5.164055334
,,,,5.419135083
,,,,5.330492292
,,,,5.371458292
,,,,5.322075291
,,,,5.33174475
,,,,5.259384917
,,,,5.335617
,,,,5.188370167
,,,,5.292664708
,,,,5.467242833
,,,,5.321285792
,,,,5.350247417
,,,,5.484750959
,,,,5.47872
,,,,5.276219333
,,,,5.339705208
,,,,5.322171792
,,,,5.413861125
,,,,5.234430541
,,,,5.392816
,,,,5.595456583
,,,,5.347138334
,,,,5.306323375
,,,,5.392930083
,,,,5.444205
,,,,5.370224375
,,,,5.374234542
,,,,5.401747791
,,,,5.403525042
,,,,5.308719458
,,,,5.44621875
,,,,5.312761209
,,,,5.436895833
,,,,5.373598042
,,,,5.466158667
,,,,5.304826208
,,,,5.362217458
,,,,5.402430417
,,,,5.39592075
,,,,5.37083925
,,,,5.3464825
,,,,5.42964175
,,,,5.422004958
,,,,5.384242125
,,,,5.486273667
,,,,5.442285916
,,,,5.40349225
,,,,5.428097791
,,,,5.486851125
,,,,5.285255208
,,,,5.451258208
,,,,5.444249625
,,,,5.507532375
,,,,5.287376875
,,,,5.557061916
,,,,5.360744167
,,,,5.369912583
,,,,5.49462175
,,,,5.547386292
,,,,5.568065167
,,,,5.526462417
,,,,5.505576625
,,,,5.402178709
,,,,5.58890675
,,,,5.294639458
,,,,5.482252625
,,,,5.487533709
,,,,5.437892708
,,,,5.551389917
,,,,5.442468167
,,,,5.33653125
,,,,5.399803833
,,,,5.537287333
,,,,5.6083085
,,,,5.536654667
,,,,5.463585583
,,,,5.546502333
,,,,5.5348275
,,,,5.51942575
,,,,5.502729708
,,,,5.56439575
,,,,5.375371291
,,,,5.379199292
,,,,5.453782
,,,,5.518774667
,,,,5.538627459
,,,,5.441786875
,,,,5.544040083
,,,,5.559180791
,,,,5.508264209
,,,,5.533303042
,,,,5.52784275
,,,,5.577567792
,,,,5.497155083
,,,,5.561713834
,,,,5.470888292
,,,,5.463675292
,,,,5.389290375
,,,,5.572430833
,,,,5.452155708
,,,,5.613707333
,,,,5.5546605
,,,,5.651643875
,,,,5.462502959
,,,,5.351781792
,,,,5.606179292
,,,,5.440747291
,,,,5.630748333
,,,,5.654276916
,,,,5.609151834
,,,,5.473187167
,,,,5.471476042
,,,,5.6688665
,,,,5.500353333
,,,,5.524719958
,,,,5.46937725
,,,,5.644219
,,,,5.73207475
,,,,5.577884
,,,,5.419498708
,,,,5.494920792
,,,,5.387837834
,,,,5.537061625
,,,,5.64822175
,,,,5.605196708
,,,,5.708503209
,,,,5.59697575
,,,,5.491246042
,,,,5.556768333
,,,,5.641022583
,,,,5.764048542
,,,,5.574566792
,,,,5.618071
,,,,5.593779458
,,,,5.563557042
,,,,5.779649417
,,,,5.649675083
,,,,5.548228709
,,,,5.56587775
,,,,5.3159905
,,,,5.555155583
,,,,5.473696167
,,,,5.6543425
,,,,5.557926958
,,,,5.640373083
,,,,5.318722791
,,,,5.597914791
,,,,5.698718083
,,,,5.351925167
,,,,5.537413292
,,,,5.656944459
,,,,5.545186833
,,,,5.630013959
,,,,5.628428542
,,,,5.659353417
,,,,5.599073375
,,,,5.530121125
,,,,5.600602959
,,,,5.578636084
,,,,5.716740375
,,,,5.638458458
,,,,5.5529355
,,,,5.630797791
,,,,5.746476625
,,,,5.581636542
,,,,5.581533417
,,,,5.667075084
,,,,5.487150541
,,,,5.720835583
,,,,5.549467584
,,,,5.586770125
,,,,5.566719958
,,,,5.780875792
,,,,5.554582959
,,,,5.669704417
,,,,5.458480167
,,,,5.569044792
,,,,5.720028208
,,,,5.579304417
,,,,5.591194042
,,,,5.584944083
,,,,5.551962209
,,,,5.654556208
,,,,5.633205333
,,,,5.665124708
,,,,5.583682291
,,,,5.692336083
,,,,5.531515917
,,,,5.8275995
,,,,5.811488041
,,,,5.512651041
,,,,5.614185167
,,,,5.551534292
,,,,5.706242833
,,,,5.640881458
,,,,5.639284042
,,,,5.626608875
,,,,5.541221917
,,,,5.803852875
,,,,5.862164625
,,,,5.817523208
,,,,5.69961575
,,,,5.853997458
,,,,5.755826458
,,,,5.623406666
,,,,5.72345775
,,,,5.721101875
,,,,5.519696125
,,,,5.718383542
,,,,5.614503208
,,,,5.746732125
,,,,5.550895084
,,,,5.822165791
,,,,5.600478834
,,,,5.717114959
,,,,5.79269975
,,,,5.569213375
,,,,5.820365959
,,,,5.759717292
,,,,5.618728875
,,,,5.727587667
,,,,5.871788708
,,,,5.631639667
,,,,5.664266958
,,,,5.617446417
,,,,5.818314792
,,,,5.706137167
,,,,5.599509417
,,,,5.7767045
,,,,5.636953209
,,,,5.506946958
,,,,5.779637625
,,,,5.720370792
,,,,5.8452275
,,,,5.673576959
,,,,5.580646
,,,,5.741465708
,,,,5.720129417
,,,,5.712657416
,,,,5.679368667
,,,,5.82331275
,,,,5.726112708
,,,,5.632321334
,,,,5.71050675
,,,,5.8219575
,,,,5.822887584
,,,,5.847083917
,,,,5.879450667
,,,,5.675730125
,,,,5.812395667
,,,,5.702596584
,,,,5.791325
,,,,5.898201916
,,,,5.556074375
,,,,5.679202833
,,,,5.822458541
,,,,5.659140375
,,,,5.603716291
,,,,5.677108834
,,,,5.64908225
,,,,6.014392459
,,,,6.3313645
,,,,6.179087666
,,,,6.170654959
,,,,6.144154542
,,,,6.276101167
,,,,5.853132458
,,,,5.851395291
,,,,5.958504375
,,,,6.019001875
,,,,5.986207583
,,,,5.753682208
,,,,5.611238083
,,,,5.7495325
,,,,6.691467
,,,,5.967378041
,,,,5.628124959
,,,,5.930672084
,,,,6.35945475
,,,,5.843161417
,,,,5.692848375
,,,,5.863555708
,,,,5.639425125
,,,,5.670562583
,,,,5.892556792
,,,,6.100651625
,,,,5.626714667
,,,,5.735172125
,,,,5.911376792
,,,,5.736357125
,,,,5.795061209
,,,,5.602607292
,,,,5.733998583
,,,,5.601569333
,,,,5.74471225
,,,,5.777863125
,,,,6.107894334
,,,,6.069247375
,,,,6.467904125
,,,,5.586298125
,,,,5.691588584
,,,,5.863769333
,,,,5.725747792
,,,,5.746689208
,,,,5.8314185
,,,,5.761103792
,,,,5.798067084
,,,,5.915445209
,,,,5.800788541
,,,,5.843822958
,,,,5.76857975
,,,,5.718689125
,,,,5.756153958
,,,,5.80377675
,,,,5.906229291
,,,,5.727887958
,,,,5.765287542
,,,,5.7062775
,,,,5.77033675
,,,,5.802239
,,,,5.760186958
,,,,5.837026583
,,,,5.87072025
,,,,5.952514208
,,,,5.990482625
,,,,5.982458542
,,,,5.915777792
,,,,5.953031833
,,,,5.9697135
,,,,6.064604875
,,,,6.000133125
,,,,5.8664535
,,,,5.886863125
,,,,5.919980916
,,,,5.824888291
,,,,5.916367208
,,,,5.890863166
,,,,5.913141167
,,,,5.852012125
,,,,5.77983225
,,,,5.848765375
,,,,5.813278542
,,,,5.905341709
,,,,6.122762541
,,,,6.026817875
,,,,6.100687084
,,,,5.852384834
,,,,5.917245125
,,,,5.798350333
,,,,5.944242417
,,,,5.875228083
,,,,5.897927792
,,,,6.00010075
,,,,6.009034458
,,,,5.8313485
,,,,5.771180375
,,,,5.810784625
,,,,5.947810417
,,,,5.927547333
,,,,5.866662083
,,,,5.913594125
,,,,5.933851875
,,,,5.830486833
,,,,6.057387917
,,,,6.053642917
,,,,5.851506792
,,,,5.825485792
,,,,5.984232833
,,,,5.935903125
,,,,6.056555916
,,,,6.056577958
,,,,5.968989958
,,,,6.071290166
,,,,5.913530041
,,,,5.992047208
,,,,5.81221325
,,,,5.891953083
,,,,5.948862666
,,,,5.870993791
,,,,6.09988975
,,,,5.940905458
,,,,5.958896334
,,,,6.11770725
,,,,5.916672833
,,,,6.047254209
,,,,5.861255791
,,,,5.926565
,,,,5.846284
,,,,5.9047945
,,,,6.029426833
,,,,5.983147291
,,,,5.916918333
,,,,5.9907735
,,,,5.9411875
,,,,6.029971292
,,,,5.886998
,,,,6.072158208
,,,,6.020169875
,,,,5.860522875
,,,,6.117609417
,,,,6.008090417
,,,,6.024880708
,,,,5.988653
,,,,5.904428958
,,,,6.038290333
,,,,6.11293375
,,,,6.137633458
,,,,6.239390083
,,,,5.985540417
,,,,6.146404541
,,,,6.013363167
,,,,6.046060375
,,,,5.94206925
,,,,6.039559208
,,,,5.924550334
,,,,6.060707
,,,,6.065042458
,,,,5.981422208
,,,,6.075009208
,,,,5.929473834
,,,,6.129517208
,,,,6.19116325
,,,,6.1020505
,,,,5.92038375
,,,,6.100146166
,,,,5.97427525
,,,,5.994662167
,,,,6.054267167
,,,,6.101766375
,,,,6.117164541
,,,,6.203225959
,,,,6.045211167
,,,,5.95359425
,,,,6.162353209
,,,,6.173257458
,,,,6.065256042
,,,,5.93763
,,,,6.021218791
,,,,6.276129541
,,,,6.177310375
,,,,6.244891
,,,,6.034705792
,,,,5.954191833
,,,,6.047747708
,,,,6.126522
,,,,6.199849541
,,,,5.922575166
,,,,6.086362333
,,,,5.970179208
,,,,6.171392875
,,,,6.037782542
,,,,6.017005875
,,,,6.195384667
,,,,6.010904125
,,,,6.041645917
,,,,6.132219042
,,,,6.239404875
,,,,6.124251666
,,,,6.070474167
,,,,6.123052333
,,,,6.195455459
,,,,6.157066958
,,,,6.022950209
,,,,6.037660291
,,,,6.101880875
,,,,6.148481375
,,,,6.060644333
,,,,6.297381958
,,,,6.200106125
,,,,6.156653458
,,,,6.094683875
,,,,6.127499792
,,,,6.2745455
,,,,6.129736917
,,,,6.191920834
,,,,6.317597958
,,,,6.099149458
,,,,6.155190292
,,,,6.078283875
,,,,6.039688208
,,,,6.059894083
,,,,6.202928625
,,,,6.185167958
,,,,5.951395792
,,,,6.090858
,,,,6.257349416
,,,,6.206935
,,,,6.092959084
,,,,6.178662167
,,,,6.150467958
,,,,6.036660875
,,,,6.11673825
,,,,6.17015275
,,,,6.149531334
,,,,6.041585958
,,,,6.12376275
,,,,6.286228292
,,,,5.155099416
,,,,5.022593208
,,,,5.437640584
,,,,5.439960167
,,,,5.486831625
,,,,5.850346792
,,,,5.940467
,,,,5.97230825
,,,,4.870704375
,,,,6.140082375
,,,,6.194361042
,,,,6.272029
,,,,6.145060917
,,,,6.200268083
,,,,6.020978166
,,,,6.315819583
,,,,6.208829167
,,,,6.264611583
,,,,6.1526225
,,,,6.322455709
,,,,6.341954166
,,,,6.217612834
,,,,6.071715625
,,,,6.105724375
,,,,6.170219625
,,,,6.16203025
,,,,6.372467208
,,,,6.117249959
,,,,6.218515084
,,,,6.238624208
,,,,6.163243875
,,,,6.262084125
,,,,6.2615605
,,,,6.350275666
,,,,6.00386825
,,,,6.2242725
,,,,6.36479675
,,,,6.210775167
,,,,6.192400709
,,,,6.373918208
,,,,6.1973035
,,,,6.318956167
,,,,6.122081667
,,,,6.140188416
,,,,6.254719042
,,,,6.244571625
,,,,6.232204792
,,,,6.237962917
,,,,6.222330708
,,,,6.245563166
,,,,6.271379916
,,,,6.032682167
,,,,6.197163875
,,,,6.314966583
,,,,6.150420125
,,,,6.143182833
,,,,6.208566625
,,,,6.238680875
,,,,6.215149875
,,,,6.17140825
,,,,6.062147708
,,,,6.231029875
,,,,6.236065708
,,,,6.431733
,,,,6.301179583
,,,,6.370494209
,,,,6.251454208
,,,,6.264326958
,,,,6.255245292
,,,,6.157335667
,,,,6.201454958
,,,,6.366628916
,,,,6.286329167
,,,,6.317345541
,,,,6.347066666
,,,,6.117459292
,,,,6.396763458
,,,,6.278308792
,,,,6.373700709
,,,,6.334389958
,,,,6.196888292
,,,,6.3629845
,,,,6.147255167
,,,,6.27046825
,,,,6.204953708
,,,,6.364141666
,,,,6.247270959
