dataset,name,hash,control_seconds,bound_first_seconds,both_closed,control_gap_percent,bound_first_gap_percent,gap_change_pp,control_calls,bound_first_calls,control_nodes,bound_first_nodes,cutoff_skips,initial_contact_checks,initial_contact_accepts,control_valid,bound_first_valid
small6,holdout_osm_5-10_jakarta_n005_seed7447,34cf26cd511ff35c3fa3bd72cecda4080da0ef34b61cc54084a3c8374e0d2014,0.000979333,0.000317667,True,0.0,0.0,0.0,2,2,1,1,0,0,0,True,True
small6,holdout_osm_11-20_lagos_n015_seed7082,3ffc30ba7dabb51fe0356b7ae44023e955ded76d86d2ed547c2e3b8ad27a6a62,0.004090667,0.002133041,True,0.0,0.0,0.0,4,4,3,3,0,0,0,True,True
small6,holdout_random_5-10_random_mixed_square_n010_seed10013,79573856da41330cd3a2350e16679a03d3f4b4a75f412201011855a204dee73a,0.003080417,0.002140625,True,1.496556613590023e-14,1.496556613590023e-14,0.0,8,8,5,5,1,0,0,True,True
small6,holdout_random_11-20_random_mixed_square_n015_seed15016,07ca2326ae4b79e5ad2769fd94bc0c45c6c7adf4c92769daf599c74fe05b03ea,0.041389125,0.0371545,True,0.0,0.0,0.0,16,16,12,12,0,0,0,True,True
small6,holdout_tessellation_5-10_uniform-0000010-1,fa39ec32b30c72e23a6c45b9935fdecd1d02076db07600ac678b8970953b8d4f,0.004536042,0.004558833,True,3.547778871688089e-14,3.547778871688089e-14,0.0,15,15,4,4,6,0,0,True,True
small6,holdout_tessellation_11-20_us-night-0000020.instance,865290c1df58e701d985eb69d62f555946c071a02665c59c02950afaa4f0d400,0.047493625,0.052156166,True,3.172957832336244e-14,3.172957832336244e-14,0.0,84,84,19,19,19,0,0,True,True
large6,large_osm_25-40_sao_paulo_n040_seed7537,418b60cad2ed51c720d4bcd3e21e948585d5df1ef4d80a7937d618ca607156e4,0.76941425,0.844060709,True,4.054218187835693e-14,4.054218187835693e-14,0.0,580,580,310,310,153,2,2,True,True
large6,large_osm_41-60_toronto_n050_seed4504,276f5703d4d8bd58e0e6e65236524ecb820ab36c9cb130058d06dabaa91bfa9c,2.000524084,2.000334333,False,10.360473533729648,11.63296690151726,1.2724933677876127,3098,2723,979,809,98,0,0,True,True
large6,large_random_25-40_random_mixed_square_n030_seed30019,028f76a7ee4e94d6d8cac37d87a5c39a9d5a9cc1d14069abaa044e00cbd77d6c,0.156139834,0.174737875,True,2.039770255332603e-13,1.8131291158512032e-13,-2.2664113948139987e-14,123,123,76,76,11,4,4,True,True
large6,large_random_41-60_random_mixed_square_n060_seed60012,d4c6d34f39d40834cede5a62a528d3135b54ed0a5df4f0aee09640ecde5a5c00,2.000616541,2.030231208,False,4.334687916481623,5.327256072297615,0.9925681558159924,1399,1373,607,596,75,2,2,True,True
large6,large_tessellation_25-40_uniform-0000030-1,aff4db1b9287da5d53ad969862f10c04a07faea340cc3da62348347b08fdddd6,0.024251375,0.025972458,True,1.9581411149626572e-14,1.9581411149626572e-14,0.0,44,44,25,25,4,0,0,True,True
large6,large_tessellation_41-60_uniform-0000060-1,da59596b03d4583db748d75a60721fc43212b69440cd7cd2fce6e56aec8c1278,2.000944125,2.002974209,False,12.611536583250855,12.836638326760577,0.22510174350972179,1048,942,215,181,69,0,0,True,True
