dataset,variant,name,sha256,seconds,termination,gap_closed,valid,lower_bound,upper_bound,gap_percent,calls,nodes,cycle_memo_queries,cycle_memo_repeated,cycle_memo_hits,cycle_certificate_cutoff_skips,cycle_initial_contact_checks,cycle_initial_contact_accepts
small6,cfr-control,holdout_osm_5-10_jakarta_n005_seed7447,34cf26cd511ff35c3fa3bd72cecda4080da0ef34b61cc54084a3c8374e0d2014,0.000613334,optimal,True,True,74.75092653566176,74.75092653566176,0.0,2,1,0,0,0,0,0,0
small6,cfr-control,holdout_osm_11-20_lagos_n015_seed7082,3ffc30ba7dabb51fe0356b7ae44023e955ded76d86d2ed547c2e3b8ad27a6a62,0.002414666,optimal,True,True,271.0733199699816,271.0733199699816,0.0,4,3,0,0,0,0,0,0
small6,cfr-control,holdout_random_5-10_random_mixed_square_n010_seed10013,79573856da41330cd3a2350e16679a03d3f4b4a75f412201011855a204dee73a,0.002004791,optimal,True,True,94.95701389546645,94.95701389546646,1.4965566135900228e-14,8,5,0,0,0,0,0,0
small6,cfr-control,holdout_random_11-20_random_mixed_square_n015_seed15016,07ca2326ae4b79e5ad2769fd94bc0c45c6c7adf4c92769daf599c74fe05b03ea,0.035703292,optimal,True,True,92.66506060463915,92.66506060463915,0.0,16,12,0,0,0,0,0,0
small6,cfr-control,holdout_tessellation_5-10_uniform-0000010-1,fa39ec32b30c72e23a6c45b9935fdecd1d02076db07600ac678b8970953b8d4f,0.004435875,optimal,True,True,961.3353185187835,961.3353185187839,3.547778871688089e-14,15,4,0,0,0,0,0,0
small6,cfr-control,holdout_tessellation_11-20_us-night-0000020.instance,865290c1df58e701d985eb69d62f555946c071a02665c59c02950afaa4f0d400,0.049942625,optimal,True,True,22931.15130630698,22931.151306306987,3.172957832336245e-14,84,19,0,0,0,0,0,0
small6,cfr-memo,holdout_osm_5-10_jakarta_n005_seed7447,34cf26cd511ff35c3fa3bd72cecda4080da0ef34b61cc54084a3c8374e0d2014,0.0002995,optimal,True,True,74.75092653566176,74.75092653566176,0.0,2,1,2,0,0,0,0,0
small6,cfr-memo,holdout_osm_11-20_lagos_n015_seed7082,3ffc30ba7dabb51fe0356b7ae44023e955ded76d86d2ed547c2e3b8ad27a6a62,0.002113291,optimal,True,True,271.0733199699816,271.0733199699816,0.0,4,3,4,0,0,0,0,0
small6,cfr-memo,holdout_random_5-10_random_mixed_square_n010_seed10013,79573856da41330cd3a2350e16679a03d3f4b4a75f412201011855a204dee73a,0.002191833,optimal,True,True,94.95701389546645,94.95701389546646,1.4965566135900228e-14,8,5,8,0,0,0,0,0
small6,cfr-memo,holdout_random_11-20_random_mixed_square_n015_seed15016,07ca2326ae4b79e5ad2769fd94bc0c45c6c7adf4c92769daf599c74fe05b03ea,0.036340083,optimal,True,True,92.66506060463915,92.66506060463915,0.0,16,12,16,0,0,0,0,0
small6,cfr-memo,holdout_tessellation_5-10_uniform-0000010-1,fa39ec32b30c72e23a6c45b9935fdecd1d02076db07600ac678b8970953b8d4f,0.004530166,optimal,True,True,961.3353185187835,961.3353185187839,3.547778871688089e-14,15,4,15,0,0,0,0,0
small6,cfr-memo,holdout_tessellation_11-20_us-night-0000020.instance,865290c1df58e701d985eb69d62f555946c071a02665c59c02950afaa4f0d400,0.05116675,optimal,True,True,22931.15130630698,22931.151306306987,3.172957832336245e-14,84,19,84,0,0,0,0,0
small6,cfr-bound-first,holdout_osm_5-10_jakarta_n005_seed7447,34cf26cd511ff35c3fa3bd72cecda4080da0ef34b61cc54084a3c8374e0d2014,0.000340792,optimal,True,True,74.75092653566176,74.75092653566176,0.0,2,1,0,0,0,0,1,1
small6,cfr-bound-first,holdout_osm_11-20_lagos_n015_seed7082,3ffc30ba7dabb51fe0356b7ae44023e955ded76d86d2ed547c2e3b8ad27a6a62,0.002487166,optimal,True,True,271.0733199699816,271.0733199699816,0.0,4,3,0,0,0,0,3,0
small6,cfr-bound-first,holdout_random_5-10_random_mixed_square_n010_seed10013,79573856da41330cd3a2350e16679a03d3f4b4a75f412201011855a204dee73a,0.002093667,optimal,True,True,94.95701389546645,94.95701389546646,1.4965566135900228e-14,8,5,0,0,0,1,7,6
small6,cfr-bound-first,holdout_random_11-20_random_mixed_square_n015_seed15016,07ca2326ae4b79e5ad2769fd94bc0c45c6c7adf4c92769daf599c74fe05b03ea,0.040430125,optimal,True,True,92.66506060463915,92.66506060463915,0.0,16,12,0,0,0,0,15,5
small6,cfr-bound-first,holdout_tessellation_5-10_uniform-0000010-1,fa39ec32b30c72e23a6c45b9935fdecd1d02076db07600ac678b8970953b8d4f,0.005332583,optimal,True,True,961.3353185187835,961.3353185187839,3.547778871688089e-14,15,4,0,0,0,6,14,0
small6,cfr-bound-first,holdout_tessellation_11-20_us-night-0000020.instance,865290c1df58e701d985eb69d62f555946c071a02665c59c02950afaa4f0d400,0.068553584,optimal,True,True,22931.15130630698,22931.151306306987,3.172957832336245e-14,84,19,0,0,0,18,83,12
small6,cfr-memo-bound-first,holdout_osm_5-10_jakarta_n005_seed7447,34cf26cd511ff35c3fa3bd72cecda4080da0ef34b61cc54084a3c8374e0d2014,0.000366125,optimal,True,True,74.75092653566176,74.75092653566176,0.0,2,1,2,0,0,0,1,1
small6,cfr-memo-bound-first,holdout_osm_11-20_lagos_n015_seed7082,3ffc30ba7dabb51fe0356b7ae44023e955ded76d86d2ed547c2e3b8ad27a6a62,0.002449083,optimal,True,True,271.0733199699816,271.0733199699816,0.0,4,3,4,0,0,0,3,0
small6,cfr-memo-bound-first,holdout_random_5-10_random_mixed_square_n010_seed10013,79573856da41330cd3a2350e16679a03d3f4b4a75f412201011855a204dee73a,0.002108584,optimal,True,True,94.95701389546645,94.95701389546646,1.4965566135900228e-14,8,5,8,0,0,1,7,6
small6,cfr-memo-bound-first,holdout_random_11-20_random_mixed_square_n015_seed15016,07ca2326ae4b79e5ad2769fd94bc0c45c6c7adf4c92769daf599c74fe05b03ea,0.039420334,optimal,True,True,92.66506060463915,92.66506060463915,0.0,16,12,16,0,0,0,15,5
small6,cfr-memo-bound-first,holdout_tessellation_5-10_uniform-0000010-1,fa39ec32b30c72e23a6c45b9935fdecd1d02076db07600ac678b8970953b8d4f,0.005399333,optimal,True,True,961.3353185187835,961.3353185187839,3.547778871688089e-14,15,4,15,0,0,6,14,0
small6,cfr-memo-bound-first,holdout_tessellation_11-20_us-night-0000020.instance,865290c1df58e701d985eb69d62f555946c071a02665c59c02950afaa4f0d400,0.066707292,optimal,True,True,22931.15130630698,22931.151306306987,3.172957832336245e-14,84,19,84,0,0,18,83,12
large6,cfr-control,large_osm_25-40_sao_paulo_n040_seed7537,418b60cad2ed51c720d4bcd3e21e948585d5df1ef4d80a7937d618ca607156e4,0.815219375,optimal,True,True,560.8323600477293,560.8323600477295,4.054218187835693e-14,580,310,0,0,0,0,0,0
large6,cfr-control,large_osm_41-60_toronto_n050_seed4504,276f5703d4d8bd58e0e6e65236524ecb820ab36c9cb130058d06dabaa91bfa9c,2.000840958,time_limit,False,True,866.5939087176505,973.8351037036438,11.012253982028232,2924,902,0,0,0,0,0,0
large6,cfr-control,large_random_25-40_random_mixed_square_n030_seed30019,028f76a7ee4e94d6d8cac37d87a5c39a9d5a9cc1d14069abaa044e00cbd77d6c,0.167583958,optimal,True,True,125.40401753820349,125.40401753820375,2.0397702553326028e-13,123,76,0,0,0,0,0,0
large6,cfr-control,large_random_41-60_random_mixed_square_n060_seed60012,d4c6d34f39d40834cede5a62a528d3135b54ed0a5df4f0aee09640ecde5a5c00,2.010369333,time_limit,False,True,157.53952804259183,166.40431185019648,5.327256072297615,1375,597,0,0,0,0,0,0
large6,cfr-control,large_tessellation_25-40_uniform-0000030-1,aff4db1b9287da5d53ad969862f10c04a07faea340cc3da62348347b08fdddd6,0.025316875,optimal,True,True,4644.684158987554,4644.684158987555,1.9581411149626572e-14,44,25,0,0,0,0,0,0
large6,cfr-control,large_tessellation_41-60_uniform-0000060-1,da59596b03d4583db748d75a60721fc43212b69440cd7cd2fce6e56aec8c1278,2.001535708,time_limit,False,True,12082.598407855588,13879.100614542522,12.943938203060206,905,172,0,0,0,0,0,0
large6,cfr-memo,large_osm_25-40_sao_paulo_n040_seed7537,418b60cad2ed51c720d4bcd3e21e948585d5df1ef4d80a7937d618ca607156e4,0.87692625,optimal,True,True,560.8323600477293,560.8323600477295,4.054218187835693e-14,580,310,580,0,0,0,0,0
large6,cfr-memo,large_osm_41-60_toronto_n050_seed4504,276f5703d4d8bd58e0e6e65236524ecb820ab36c9cb130058d06dabaa91bfa9c,2.001100709,time_limit,False,True,866.5939087176505,973.8351037036438,11.012253982028232,2908,896,2908,0,0,0,0,0
large6,cfr-memo,large_random_25-40_random_mixed_square_n030_seed30019,028f76a7ee4e94d6d8cac37d87a5c39a9d5a9cc1d14069abaa044e00cbd77d6c,0.167671333,optimal,True,True,125.40401753820349,125.40401753820375,2.0397702553326028e-13,123,76,123,0,0,0,0,0
large6,cfr-memo,large_random_41-60_random_mixed_square_n060_seed60012,d4c6d34f39d40834cede5a62a528d3135b54ed0a5df4f0aee09640ecde5a5c00,2.03444275,time_limit,False,True,157.53952804259183,166.40431185019648,5.327256072297615,1375,597,1375,0,0,0,0,0
large6,cfr-memo,large_tessellation_25-40_uniform-0000030-1,aff4db1b9287da5d53ad969862f10c04a07faea340cc3da62348347b08fdddd6,0.024890833,optimal,True,True,4644.684158987554,4644.684158987555,1.9581411149626572e-14,44,25,44,0,0,0,0,0
large6,cfr-memo,large_tessellation_41-60_uniform-0000060-1,da59596b03d4583db748d75a60721fc43212b69440cd7cd2fce6e56aec8c1278,2.001089541,time_limit,False,True,12103.779831549376,13879.100614542522,12.79132439700714,965,188,965,0,0,0,0,0
large6,cfr-bound-first,large_osm_25-40_sao_paulo_n040_seed7537,418b60cad2ed51c720d4bcd3e21e948585d5df1ef4d80a7937d618ca607156e4,0.965732167,optimal,True,True,560.8323600477293,560.8323600477294,2.027109093917847e-14,580,310,0,0,0,153,579,30
large6,cfr-bound-first,large_osm_41-60_toronto_n050_seed4504,276f5703d4d8bd58e0e6e65236524ecb820ab36c9cb130058d06dabaa91bfa9c,2.001496958,time_limit,False,True,846.9717618548407,973.8351037036438,13.02718924038807,2302,639,0,0,0,78,2302,172
large6,cfr-bound-first,large_random_25-40_random_mixed_square_n030_seed30019,028f76a7ee4e94d6d8cac37d87a5c39a9d5a9cc1d14069abaa044e00cbd77d6c,0.195409041,optimal,True,True,125.40401753820349,125.40401753820372,1.813129115851203e-13,123,76,0,0,0,11,122,43
large6,cfr-bound-first,large_random_41-60_random_mixed_square_n060_seed60012,d4c6d34f39d40834cede5a62a528d3135b54ed0a5df4f0aee09640ecde5a5c00,2.000426875,time_limit,False,True,156.9450762479901,166.40431185019648,5.68448948049011,1274,539,0,0,0,66,1273,179
large6,cfr-bound-first,large_tessellation_25-40_uniform-0000030-1,aff4db1b9287da5d53ad969862f10c04a07faea340cc3da62348347b08fdddd6,0.03132875,optimal,True,True,4644.684158987554,4644.684158987555,1.9581411149626572e-14,44,25,0,0,0,4,43,10
large6,cfr-bound-first,large_tessellation_41-60_uniform-0000060-1,da59596b03d4583db748d75a60721fc43212b69440cd7cd2fce6e56aec8c1278,2.00197125,time_limit,False,True,11891.06020735305,13996.333360224695,15.0416048166907,670,121,0,0,0,47,669,7
large6,cfr-memo-bound-first,large_osm_25-40_sao_paulo_n040_seed7537,418b60cad2ed51c720d4bcd3e21e948585d5df1ef4d80a7937d618ca607156e4,0.971341791,optimal,True,True,560.8323600477293,560.8323600477294,2.027109093917847e-14,580,310,580,0,0,153,579,30
large6,cfr-memo-bound-first,large_osm_41-60_toronto_n050_seed4504,276f5703d4d8bd58e0e6e65236524ecb820ab36c9cb130058d06dabaa91bfa9c,2.000491166,time_limit,False,True,846.9717618548407,973.8351037036438,13.02718924038807,2301,639,2301,0,0,78,2301,172
large6,cfr-memo-bound-first,large_random_25-40_random_mixed_square_n030_seed30019,028f76a7ee4e94d6d8cac37d87a5c39a9d5a9cc1d14069abaa044e00cbd77d6c,0.194489292,optimal,True,True,125.40401753820349,125.40401753820372,1.813129115851203e-13,123,76,123,0,0,11,122,43
large6,cfr-memo-bound-first,large_random_41-60_random_mixed_square_n060_seed60012,d4c6d34f39d40834cede5a62a528d3135b54ed0a5df4f0aee09640ecde5a5c00,2.000605083,time_limit,False,True,157.1608066463893,166.40431185019648,5.554847167739587,1295,555,1295,0,0,66,1294,180
large6,cfr-memo-bound-first,large_tessellation_25-40_uniform-0000030-1,aff4db1b9287da5d53ad969862f10c04a07faea340cc3da62348347b08fdddd6,0.030382125,optimal,True,True,4644.684158987554,4644.684158987555,1.9581411149626572e-14,44,25,44,0,0,4,43,10
large6,cfr-memo-bound-first,large_tessellation_41-60_uniform-0000060-1,da59596b03d4583db748d75a60721fc43212b69440cd7cd2fce6e56aec8c1278,2.001344875,time_limit,False,True,11891.06020735305,13996.333360224695,15.0416048166907,669,121,669,0,0,47,668,7
